area_fips,own_code,industry_code,agglvl_code,size_code,year,qtr,disclosure_code,annual_avg_estabs,annual_avg_emplvl,total_annual_wages,taxable_annual_wages,annual_contributions,annual_avg_wkly_wage,avg_annual_pay,lq_disclosure_code,lq_annual_avg_estabs,lq_annual_avg_emplvl,lq_total_annual_wages,lq_taxable_annual_wages,lq_annual_contributions,lq_annual_avg_wkly_wage,lq_avg_annual_pay,oty_disclosure_code,oty_annual_avg_estabs_chg,oty_annual_avg_estabs_pct_chg,oty_annual_avg_emplvl_chg,oty_annual_avg_emplvl_pct_chg,oty_total_annual_wages_chg,oty_total_annual_wages_pct_chg,oty_taxable_annual_wages_chg,oty_taxable_annual_wages_pct_chg,oty_annual_contributions_chg,oty_annual_contributions_pct_chg,oty_annual_avg_wkly_wage_chg,oty_annual_avg_wkly_wage_pct_chg,oty_avg_annual_pay_chg,oty_avg_annual_pay_pct_chg
39117,0,10,70,0,2022,A,,550,5156,216942664,39287487,874383,809,42080,,1.0,1.0,1.0,1.0,1.0,1.0,1.0,,25,4.8,-123,-2.3,6776690,3.2,72723,0.2,4793,0.6,43,5.6,2270,5.7
39117,1,10,71,0,2022,A,,10,45,2597857,0,0,1110,57730,,3.44,0.46,0.47,0.0,0.0,1.04,1.03,,0,0.0,-3,-6.2,4422,0.2,0,0.0,0,0.0,60,5.7,3131,5.7
39117,1,102,72,0,2022,A,,10,45,2597857,0,0,1110,57730,,3.45,0.47,0.48,0.0,0.0,1.04,1.03,,0,0.0,-3,-6.2,4422,0.2,0,0.0,0,0.0,60,5.7,3131,5.7
39117,1,1021,73,0,2022,A,,8,41,2386244,0,0,1117,58083,,5.54,1.79,2.49,0.0,0.0,1.39,1.39,,0,0.0,-3,-6.8,-8435,-0.4,0,0.0,0,0.0,60,5.7,3138,5.7
39117,1,1028,73,0,2022,A,,2,4,211613,0,0,1039,54029,,1.67,0.07,0.06,0.0,0.0,0.87,0.87,,0,0.0,0,0.0,12857,6.5,0,0.0,0,0.0,63,6.5,3283,6.5
39117,1,48-49,74,0,2022,A,,8,41,2386244,0,0,1117,58083,,5.7,1.94,2.67,0.0,0.0,1.37,1.37,,0,0.0,-3,-6.8,-8435,-0.4,0,0.0,0,0.0,60,5.7,3138,5.7
39117,1,491,75,0,2022,A,,8,41,2386244,0,0,1117,58083,,5.73,1.98,2.78,0.0,0.0,1.4,1.4,,0,0.0,-3,-6.8,-8435,-0.4,0,0.0,0,0.0,60,5.7,3138,5.7
39117,1,4911,76,0,2022,A,,8,41,2386244,0,0,1117,58083,,5.73,1.98,2.78,0.0,0.0,1.4,1.4,,0,0.0,-3,-6.8,-8435,-0.4,0,0.0,0,0.0,60,5.7,3138,5.7
39117,1,49111,77,0,2022,A,,8,41,2386244,0,0,1117,58083,,5.73,1.98,2.78,0.0,0.0,1.4,1.4,,0,0.0,-3,-6.8,-8435,-0.4,0,0.0,0,0.0,60,5.7,3138,5.7
39117,1,491110,78,0,2022,A,,8,41,2386244,0,0,1117,58083,,5.73,1.98,2.78,0.0,0.0,1.4,1.4,,0,0.0,-3,-6.8,-8435,-0.4,0,0.0,0,0.0,60,5.7,3138,5.7
39117,1,92,74,0,2022,A,,2,4,211613,0,0,1039,54029,,1.67,0.07,0.06,0.0,0.0,0.87,0.87,,0,0.0,0,0.0,12857,6.5,0,0.0,0,0.0,63,6.5,3283,6.5
39117,1,926,75,0,2022,A,,2,4,211613,0,0,1039,54029,,4.35,0.48,0.4,0.0,0.0,0.85,0.85,,0,0.0,0,0.0,12857,6.5,0,0.0,0,0.0,63,6.5,3283,6.5
39117,1,9261,76,0,2022,A,,2,4,211613,0,0,1039,54029,,4.35,0.48,0.4,0.0,0.0,0.85,0.85,,0,0.0,0,0.0,12857,6.5,0,0.0,0,0.0,63,6.5,3283,6.5
39117,1,92611,77,0,2022,A,,1,0,0,0,0,0,0,,4.91,0.0,0.0,0.0,0.0,0.0,0.0,,0,0.0,0,0.0,0,0.0,0,0.0,0,0.0,0,0.0,0,0.0
39117,1,926110,78,0,2022,A,,1,0,0,0,0,0,0,,4.91,0.0,0.0,0.0,0.0,0.0,0.0,,0,0.0,0,0.0,0,0.0,0,0.0,0,0.0,0,0.0,0,0.0
39117,1,92614,77,0,2022,A,,1,4,211613,0,0,1039,54029,,6.69,2.64,2.62,0.0,0.0,1.01,1.01,,0,0.0,0,0.0,12857,6.5,0,0.0,0,0.0,63,6.5,3283,6.5
39117,1,926140,78,0,2022,A,,1,4,211613,0,0,1039,54029,,6.69,2.64,2.62,0.0,0.0,1.01,1.01,,0,0.0,0,0.0,12857,6.5,0,0.0,0,0.0,63,6.5,3283,6.5
39117,2,10,71,0,2022,A,,7,65,4661985,0,0,1376,71539,,2.06,0.42,0.68,0.0,0.0,1.64,1.63,,-1,-12.5,-1,-1.5,347599,8.1,0,0.0,0,0.0,114,9.0,5921,9.0
39117,2,102,72,0,2022,A,,7,65,4661985,0,0,1376,71539,,2.12,0.42,0.69,0.0,0.0,1.63,1.63,,-1,-12.5,-1,-1.5,347599,8.1,0,0.0,0,0.0,114,9.0,5921,9.0
39117,2,1028,73,0,2022,A,,7,65,4661985,0,0,1376,71539,,2.91,1.08,1.77,0.0,0.0,1.64,1.64,N,0,0.0,0,0.0,0,0.0,0,0.0,0,0.0,0,0.0,0,0.0
39117,2,92,74,0,2022,A,,7,65,4661985,0,0,1376,71539,,2.91,1.08,1.77,0.0,0.0,1.64,1.64,N,0,0.0,0,0.0,0,0.0,0,0.0,0,0.0,0,0.0,0,0.0
39117,2,922,75,0,2022,A,,2,23,2082847,0,0,1754,91220,,2.94,1.02,2.03,0.0,0.0,2.01,2.01,N,0,0.0,0,0.0,0,0.0,0,0.0,0,0.0,0,0.0,0,0.0
39117,2,9221,76,0,2022,A,,2,23,2082847,0,0,1754,91220,,2.94,1.02,2.03,0.0,0.0,2.01,2.01,N,0,0.0,0,0.0,0,0.0,0,0.0,0,0.0,0,0.0,0,0.0
39117,2,92211,77,0,2022,A,,1,4,389961,0,0,1875,97490,,5.26,1.18,2.54,0.0,0.0,2.15,2.15,N,0,0.0,0,0.0,0,0.0,0,0.0,0,0.0,0,0.0,0,0.0
39117,2,922110,78,0,2022,A,,1,4,389961,0,0,1875,97490,,5.26,1.18,2.54,0.0,0.0,2.15,2.15,N,0,0.0,0,0.0,0,0.0,0,0.0,0,0.0,0,0.0,0,0.0
39117,2,92212,77,0,2022,A,,1,19,1692886,0,0,1729,89888,,8.13,5.51,8.93,0.0,0.0,1.64,1.64,N,0,0.0,0,0.0,0,0.0,0,0.0,0,0.0,0,0.0,0,0.0
39117,2,922120,78,0,2022,A,,1,19,1692886,0,0,1729,89888,,8.13,5.51,8.93,0.0,0.0,1.64,1.64,N,0,0.0,0,0.0,0,0.0,0,0.0,0,0.0,0,0.0,0,0.0
39117,2,923,75,0,2022,A,,1,1,88598,0,0,1704,88598,,1.92,0.07,0.16,0.0,0.0,2.17,2.17,N,0,0.0,0,0.0,0,0.0,0,0.0,0,0.0,0,0.0,0,0.0
39117,2,9231,76,0,2022,A,,1,1,88598,0,0,1704,88598,,1.92,0.07,0.16,0.0,0.0,2.17,2.17,N,0,0.0,0,0.0,0,0.0,0,0.0,0,0.0,0,0.0,0,0.0
39117,2,92312,77,0,2022,A,,1,1,88598,0,0,1704,88598,,5.8,0.21,0.46,0.0,0.0,2.15,2.15,N,0,0.0,0,0.0,0,0.0,0,0.0,0,0.0,0,0.0,0,0.0
39117,2,923120,78,0,2022,A,,1,1,88598,0,0,1704,88598,,5.8,0.21,0.46,0.0,0.0,2.15,2.15,N,0,0.0,0,0.0,0,0.0,0,0.0,0,0.0,0,0.0,0,0.0
39117,2,924,75,0,2022,A,,1,8,471282,0,0,1208,62838,,2.97,1.6,2.34,0.0,0.0,1.55,1.55,N,0,0.0,0,0.0,0,0.0,0,0.0,0,0.0,0,0.0,0,0.0
39117,2,9241,76,0,2022,A,,1,8,471282,0,0,1208,62838,,2.97,1.6,2.34,0.0,0.0,1.55,1.55,N,0,0.0,0,0.0,0,0.0,0,0.0,0,0.0,0,0.0,0,0.0
39117,2,92412,77,0,2022,A,,1,8,471282,0,0,1208,62838,,3.64,2.24,3.65,0.0,0.0,1.73,1.73,N,0,0.0,0,0.0,0,0.0,0,0.0,0,0.0,0,0.0,0,0.0
39117,2,924120,78,0,2022,A,,1,8,471282,0,0,1208,62838,,3.64,2.24,3.65,0.0,0.0,1.73,1.73,N,0,0.0,0,0.0,0,0.0,0,0.0,0,0.0,0,0.0,0,0.0
39117,2,926,75,0,2022,A,,3,34,2019258,0,0,1148,59683,,5.77,3.34,4.59,0.0,0.0,1.38,1.38,,0,0.0,1,3.0,160791,8.7,0,0.0,0,0.0,70,6.5,3649,6.5
39117,2,9261,76,0,2022,A,,3,34,2019258,0,0,1148,59683,,5.77,3.34,4.59,0.0,0.0,1.38,1.38,,0,0.0,1,3.0,160791,8.7,0,0.0,0,0.0,70,6.5,3649,6.5
39117,2,92612,77,0,2022,A,,1,23,1370504,0,0,1154,60022,,5.3,3.82,5.06,0.0,0.0,1.34,1.34,N,0,0.0,0,0.0,0,0.0,0,0.0,0,0.0,0,0.0,0,0.0
39117,2,926120,78,0,2022,A,,1,23,1370504,0,0,1154,60022,,5.3,3.82,5.06,0.0,0.0,1.34,1.34,N,0,0.0,0,0.0,0,0.0,0,0.0,0,0.0,0,0.0,0,0.0
39117,2,92614,77,0,2022,A,,2,11,648754,0,0,1134,58978,,13.65,9.84,17.23,0.0,0.0,1.75,1.75,N,0,0.0,0,0.0,0,0.0,0,0.0,0,0.0,0,0.0,0,0.0
39117,2,926140,78,0,2022,A,,2,11,648754,0,0,1134,58978,,13.65,9.84,17.23,0.0,0.0,1.75,1.75,N,0,0.0,0,0.0,0,0.0,0,0.0,0,0.0,0,0.0,0,0.0
39117,3,10,71,0,2022,A,,51,1394,57068093,208516,1669,787,40929,,6.22,2.92,3.25,0.39,0.38,1.12,1.12,,-1,-1.9,6,0.4,1843417,3.3,16064,8.3,130,8.4,22,2.9,1135,2.9
39117,3,101,72,0,2022,A,,1,27,1170679,0,0,844,43900,,4.77,7.36,8.82,0.0,0.0,1.21,1.21,N,0,0.0,0,0.0,0,0.0,0,0.0,0,0.0,0,0.0,0,0.0
39117,3,1012,73,0,2022,A,,1,27,1170679,0,0,844,43900,,4.89,7.57,9.05,0.0,0.0,1.21,1.21,N,0,0.0,0,0.0,0,0.0,0,0.0,0,0.0,0,0.0,0,0.0
39117,3,102,72,0,2022,A,,50,1368,55897414,208516,1669,786,40871,,6.26,2.89,3.21,0.4,0.39,1.11,1.11,N,-1,-2.0,0,0.0,0,0.0,0,0.0,0,0.0,0,0.0,0,0.0
39117,3,1022,73,0,2022,A,,4,44,649146,208516,1669,284,14781,,16.38,10.62,6.55,39.16,42.92,0.62,0.62,,0,0.0,3,7.3,79952,14.0,16064,8.3,130,8.4,14,5.2,756,5.4
39117,3,1024,73,0,2022,A,,2,7,343027,0,0,910,47314,,9.08,2.21,2.95,0.0,0.0,1.29,1.29,N,0,0.0,0,0.0,0,0.0,0,0.0,0,0.0,0,0.0,0,0.0
39117,3,1025,73,0,2022,A,,15,1020,44777427,0,0,844,43914,,4.28,3.48,4.38,0.0,0.0,1.26,1.26,,0,0.0,17,1.7,1130552,2.6,0,0.0,0,0.0,7,0.8,416,1.0
39117,3,1027,73,0,2022,A,,3,12,124538,0,0,208,10829,,29.93,11.07,3.58,0.0,0.0,0.34,0.34,,0,0.0,2,20.0,7121,6.1,0,0.0,0,0.0,-30,-12.6,-1531,-12.4
39117,3,1028,73,0,2022,A,,26,285,10003276,0,0,674,35058,,8.6,2.03,1.76,0.0,0.0,0.86,0.86,,-1,-3.7,-14,-4.7,581661,6.2,0,0.0,0,0.0,69,11.4,3591,11.4
39117,3,23,74,0,2022,A,,1,27,1170679,0,0,844,43900,,4.89,7.57,9.05,0.0,0.0,1.21,1.21,N,0,0.0,0,0.0,0,0.0,0,0.0,0,0.0,0,0.0,0,0.0
39117,3,237,75,0,2022,A,,1,27,1170679,0,0,844,43900,,5.12,7.85,9.45,0.0,0.0,1.22,1.22,N,0,0.0,0,0.0,0,0.0,0,0.0,0,0.0,0,0.0,0,0.0
39117,3,2373,76,0,2022,A,,1,27,1170679,0,0,844,43900,,5.32,8.1,9.79,0.0,0.0,1.22,1.22,N,0,0.0,0,0.0,0,0.0,0,0.0,0,0.0,0,0.0,0,0.0
39117,3,23731,77,0,2022,A,,1,27,1170679,0,0,844,43900,,5.32,8.1,9.79,0.0,0.0,1.22,1.22,N,0,0.0,0,0.0,0,0.0,0,0.0,0,0.0,0,0.0,0,0.0
39117,3,237310,78,0,2022,A,,1,27,1170679,0,0,844,43900,,5.32,8.1,9.79,0.0,0.0,1.22,1.22,N,0,0.0,0,0.0,0,0.0,0,0.0,0,0.0,0,0.0,0,0.0
39117,3,51,74,0,2022,A,,4,44,649146,208516,1669,284,14781,,16.38,10.62,6.55,39.16,42.92,0.62,0.62,,0,0.0,3,7.3,79952,14.0,16064,8.3,130,8.4,14,5.2,756,5.4
39117,3,519,75,0,2022,A,,4,44,649146,208516,1669,284,14781,,17.02,10.98,7.0,41.77,45.78,0.64,0.64,,0,0.0,3,7.3,79952,14.0,16064,8.3,130,8.4,14,5.2,756,5.4
39117,3,5192,76,0,2022,A,,4,44,649146,208516,1669,284,14781,,17.02,10.98,7.0,41.77,45.78,0.64,0.64,N,4,100.0,0,0.0,0,0.0,0,0.0,0,0.0,0,0.0,0,0.0
39117,3,51921,77,0,2022,A,,4,44,649146,208516,1669,284,14781,N,17.04,0.0,0.0,0.0,0.0,0.0,0.0,N,4,100.0,0,0.0,0,0.0,0,0.0,0,0.0,0,0.0,0,0.0
39117,3,519210,78,0,2022,A,,4,44,649146,208516,1669,284,14781,N,17.04,0.0,0.0,0.0,0.0,0.0,0.0,N,4,100.0,0,0.0,0,0.0,0,0.0,0,0.0,0,0.0,0,0.0
39117,3,54,74,0,2022,A,,1,3,160612,0,0,1030,53537,,18.07,4.24,4.86,0.0,0.0,1.15,1.15,N,0,0.0,0,0.0,0,0.0,0,0.0,0,0.0,0,0.0,0,0.0
39117,3,541,75,0,2022,A,,1,3,160612,0,0,1030,53537,,18.07,4.24,4.86,0.0,0.0,1.15,1.15,N,0,0.0,0,0.0,0,0.0,0,0.0,0,0.0,0,0.0,0,0.0
39117,3,5413,76,0,2022,A,,1,3,160612,0,0,1030,53537,,42.4,10.76,12.68,0.0,0.0,1.18,1.18,N,0,0.0,0,0.0,0,0.0,0,0.0,0,0.0,0,0.0,0,0.0
39117,3,54133,77,0,2022,A,,1,3,160612,0,0,1030,53537,,53.43,13.47,16.28,0.0,0.0,1.21,1.21,N,0,0.0,0,0.0,0,0.0,0,0.0,0,0.0,0,0.0,0,0.0
39117,3,541330,78,0,2022,A,,1,3,160612,0,0,1030,53537,,53.43,13.47,16.28,0.0,0.0,1.21,1.21,N,0,0.0,0,0.0,0,0.0,0,0.0,0,0.0,0,0.0,0,0.0
39117,3,56,74,0,2022,A,,1,4,182415,0,0,825,42921,,6.06,1.63,2.2,0.0,0.0,1.27,1.27,N,0,0.0,0,0.0,0,0.0,0,0.0,0,0.0,0,0.0,0,0.0
39117,3,561,75,0,2022,A,,1,4,182415,0,0,825,42921,,9.06,2.47,3.32,0.0,0.0,1.27,1.27,N,0,0.0,0,0.0,0,0.0,0,0.0,0,0.0,0,0.0,0,0.0
39117,3,5617,76,0,2022,A,,1,4,182415,0,0,825,42921,,13.92,4.91,7.56,0.0,0.0,1.45,1.45,N,0,0.0,0,0.0,0,0.0,0,0.0,0,0.0,0,0.0,0,0.0
39117,3,56172,77,0,2022,A,,1,4,182415,0,0,825,42921,,23.22,9.3,14.04,0.0,0.0,1.42,1.42,N,0,0.0,0,0.0,0,0.0,0,0.0,0,0.0,0,0.0,0,0.0
39117,3,561720,78,0,2022,A,,1,4,182415,0,0,825,42921,,23.22,9.3,14.04,0.0,0.0,1.42,1.42,N,0,0.0,0,0.0,0,0.0,0,0.0,0,0.0,0,0.0,0,0.0
39117,3,61,74,0,2022,A,,12,755,33884449,0,0,863,44865,,3.79,2.88,3.81,0.0,0.0,1.32,1.32,,0,0.0,29,4.0,884420,2.7,0,0.0,0,0.0,-12,-1.4,-616,-1.4
39117,3,611,75,0,2022,A,,12,755,33884449,0,0,863,44865,,3.79,2.88,3.81,0.0,0.0,1.32,1.32,,0,0.0,29,4.0,884420,2.7,0,0.0,0,0.0,-12,-1.4,-616,-1.4
39117,3,6111,76,0,2022,A,,12,755,33884449,0,0,863,44865,,3.95,3.09,4.07,0.0,0.0,1.32,1.32,,0,0.0,29,4.0,884420,2.7,0,0.0,0,0.0,-12,-1.4,-616,-1.4
39117,3,61111,77,0,2022,A,,12,755,33884449,0,0,863,44865,,3.95,3.09,4.07,0.0,0.0,1.32,1.32,,0,0.0,29,4.0,884420,2.7,0,0.0,0,0.0,-12,-1.4,-616,-1.4
39117,3,611110,78,0,2022,A,,12,755,33884449,0,0,863,44865,,3.95,3.09,4.07,0.0,0.0,1.32,1.32,,0,0.0,29,4.0,884420,2.7,0,0.0,0,0.0,-12,-1.4,-616,-1.4
39117,3,62,74,0,2022,A,,3,264,10892978,0,0,792,41196,,8.9,8.45,8.21,0.0,0.0,0.97,0.97,,0,0.0,-14,-5.0,246132,2.3,0,0.0,0,0.0,55,7.5,2875,7.5
39117,3,622,75,0,2022,A,,1,163,6885952,0,0,812,42245,,15.56,7.08,6.57,0.0,0.0,0.93,0.93,N,0,0.0,0,0.0,0,0.0,0,0.0,0,0.0,0,0.0,0,0.0
39117,3,6221,76,0,2022,A,,1,163,6885952,0,0,812,42245,,15.8,7.13,6.61,0.0,0.0,0.93,0.93,N,0,0.0,0,0.0,0,0.0,0,0.0,0,0.0,0,0.0,0,0.0
39117,3,62211,77,0,2022,A,,1,163,6885952,0,0,812,42245,,15.8,7.13,6.61,0.0,0.0,0.93,0.93,N,0,0.0,0,0.0,0,0.0,0,0.0,0,0.0,0,0.0,0,0.0
39117,3,622110,78,0,2022,A,,1,163,6885952,0,0,812,42245,,15.8,7.13,6.61,0.0,0.0,0.93,0.93,N,0,0.0,0,0.0,0,0.0,0,0.0,0,0.0,0,0.0,0,0.0
39117,3,624,75,0,2022,A,,2,101,4007026,0,0,760,39511,,15.07,26.34,32.46,0.0,0.0,1.23,1.23,N,0,0.0,0,0.0,0,0.0,0,0.0,0,0.0,0,0.0,0,0.0
39117,3,6241,76,0,2022,A,,2,101,4007026,0,0,760,39511,,23.51,31.6,37.57,0.0,0.0,1.19,1.18,N,0,0.0,0,0.0,0,0.0,0,0.0,0,0.0,0,0.0,0,0.0
39117,3,62411,77,0,2022,A,,1,80,2998243,0,0,724,37635,,80.87,146.82,174.0,0.0,0.0,1.19,1.19,N,0,0.0,0,0.0,0,0.0,0,0.0,0,0.0,0,0.0,0,0.0
39117,3,624110,78,0,2022,A,,1,80,2998243,0,0,724,37635,,80.87,146.82,174.0,0.0,0.0,1.19,1.19,N,0,0.0,0,0.0,0,0.0,0,0.0,0,0.0,0,0.0,0,0.0
39117,3,62412,77,0,2022,A,,1,22,1008783,0,0,892,46381,,27.16,26.27,40.13,0.0,0.0,1.55,1.54,N,0,0.0,0,0.0,0,0.0,0,0.0,0,0.0,0,0.0,0,0.0
39117,3,624120,78,0,2022,A,,1,22,1008783,0,0,892,46381,,27.16,26.27,40.13,0.0,0.0,1.55,1.54,N,0,0.0,0,0.0,0,0.0,0,0.0,0,0.0,0,0.0,0,0.0
39117,3,81,74,0,2022,A,,3,12,124538,0,0,208,10829,,29.93,11.07,3.58,0.0,0.0,0.34,0.34,,0,0.0,2,20.0,7121,6.1,0,0.0,0,0.0,-30,-12.6,-1531,-12.4
39117,3,812,75,0,2022,A,,3,12,124538,0,0,208,10829,,60.3,50.77,20.0,0.0,0.0,0.41,0.41,,0,0.0,2,20.0,7121,6.1,0,0.0,0,0.0,-30,-12.6,-1531,-12.4
39117,3,8122,76,0,2022,A,,3,12,124538,0,0,208,10829,,85.84,136.02,69.62,0.0,0.0,0.53,0.53,,0,0.0,2,20.0,7121,6.1,0,0.0,0,0.0,-30,-12.6,-1531,-12.4
39117,3,81222,77,0,2022,A,,3,12,124538,0,0,208,10829,,86.07,136.5,69.88,0.0,0.0,0.53,0.53,,0,0.0,2,20.0,7121,6.1,0,0.0,0,0.0,-30,-12.6,-1531,-12.4
39117,3,812220,78,0,2022,A,,3,12,124538,0,0,208,10829,,86.07,136.5,69.88,0.0,0.0,0.53,0.53,,0,0.0,2,20.0,7121,6.1,0,0.0,0,0.0,-30,-12.6,-1531,-12.4
39117,3,92,74,0,2022,A,,26,285,10003276,0,0,674,35058,,8.6,2.03,1.76,0.0,0.0,0.86,0.86,,-1,-3.7,-14,-4.7,581661,6.2,0,0.0,0,0.0,69,11.4,3591,11.4
39117,3,921,75,0,2022,A,,18,127,4204571,0,0,636,33063,,10.23,1.38,1.26,0.0,0.0,0.91,0.91,,0,0.0,-21,-14.2,328453,8.5,0,0.0,0,0.0,133,26.4,6888,26.3
39117,3,9211,76,0,2022,A,,18,127,4204571,0,0,636,33063,,10.23,1.38,1.26,0.0,0.0,0.91,0.91,,0,0.0,-21,-14.2,328453,8.5,0,0.0,0,0.0,133,26.4,6888,26.3
39117,3,92113,77,0,2022,A,,1,3,110851,0,0,691,35952,,8.17,1.23,1.1,0.0,0.0,0.87,0.87,N,0,0.0,0,0.0,0,0.0,0,0.0,0,0.0,0,0.0,0,0.0
39117,3,921130,78,0,2022,A,,1,3,110851,0,0,691,35952,,8.17,1.23,1.1,0.0,0.0,0.87,0.87,N,0,0.0,0,0.0,0,0.0,0,0.0,0,0.0,0,0.0,0,0.0
39117,3,92114,77,0,2022,A,,16,80,2583491,0,0,624,32429,,15.82,1.34,1.2,0.0,0.0,0.9,0.9,,0,0.0,-21,-20.8,96568,3.9,0,0.0,0,0.0,151,31.9,7847,31.9
39117,3,921140,78,0,2022,A,,16,80,2583491,0,0,624,32429,,15.82,1.34,1.2,0.0,0.0,0.9,0.9,,0,0.0,-21,-20.8,96568,3.9,0,0.0,0,0.0,151,31.9,7847,31.9
39117,3,92119,77,0,2022,A,,1,44,1510229,0,0,654,34001,,4.48,4.22,4.06,0.0,0.0,0.95,0.95,N,0,0.0,0,0.0,0,0.0,0,0.0,0,0.0,0,0.0,0,0.0
39117,3,921190,78,0,2022,A,,1,44,1510229,0,0,654,34001,,4.48,4.22,4.06,0.0,0.0,0.95,0.95,N,0,0.0,0,0.0,0,0.0,0,0.0,0,0.0,0,0.0,0,0.0
39117,3,922,75,0,2022,A,,6,136,4925477,0,0,695,36150,,9.34,4.22,2.9,0.0,0.0,0.68,0.68,,0,0.0,7,5.4,344728,7.5,0,0.0,0,0.0,13,1.9,709,2.0
39117,3,9221,76,0,2022,A,,6,136,4925477,0,0,695,36150,,9.34,4.22,2.9,0.0,0.0,0.68,0.68,,0,0.0,7,5.4,344728,7.5,0,0.0,0,0.0,13,1.9,709,2.0
39117,3,92211,77,0,2022,A,,1,35,1637220,0,0,889,46227,,11.22,13.49,16.86,0.0,0.0,1.23,1.23,N,0,0.0,0,0.0,0,0.0,0,0.0,0,0.0,0,0.0,0,0.0
39117,3,922110,78,0,2022,A,,1,35,1637220,0,0,889,46227,,11.22,13.49,16.86,0.0,0.0,1.23,1.23,N,0,0.0,0,0.0,0,0.0,0,0.0,0,0.0,0,0.0,0,0.0
39117,3,92212,77,0,2022,A,,1,48,2451837,0,0,986,51258,,5.99,3.34,3.32,0.0,0.0,1.0,1.0,N,0,0.0,0,0.0,0,0.0,0,0.0,0,0.0,0,0.0,0,0.0
39117,3,922120,78,0,2022,A,,1,48,2451837,0,0,986,51258,,5.99,3.34,3.32,0.0,0.0,1.0,1.0,N,0,0.0,0,0.0,0,0.0,0,0.0,0,0.0,0,0.0,0,0.0
39117,3,92213,77,0,2022,A,,1,11,601153,0,0,1020,53043,,19.43,9.3,10.37,0.0,0.0,1.08,1.08,N,0,0.0,0,0.0,0,0.0,0,0.0,0,0.0,0,0.0,0,0.0
39117,3,922130,78,0,2022,A,,1,11,601153,0,0,1020,53043,,19.43,9.3,10.37,0.0,0.0,1.08,1.08,N,0,0.0,0,0.0,0,0.0,0,0.0,0,0.0,0,0.0,0,0.0
39117,3,92216,77,0,2022,A,,3,42,235267,0,0,109,5646,,11.66,5.72,0.59,0.0,0.0,0.1,0.1,N,0,0.0,0,0.0,0,0.0,0,0.0,0,0.0,0,0.0,0,0.0
39117,3,922160,78,0,2022,A,,3,42,235267,0,0,109,5646,,11.66,5.72,0.59,0.0,0.0,0.1,0.1,N,0,0.0,0,0.0,0,0.0,0,0.0,0,0.0,0,0.0,0,0.0
39117,3,923,75,0,2022,A,,1,20,756270,0,0,730,37972,,9.48,2.73,2.45,0.0,0.0,0.9,0.9,N,0,0.0,0,0.0,0,0.0,0,0.0,0,0.0,0,0.0,0,0.0
39117,3,9231,76,0,2022,A,,1,20,756270,0,0,730,37972,,9.48,2.73,2.45,0.0,0.0,0.9,0.9,N,0,0.0,0,0.0,0,0.0,0,0.0,0,0.0,0,0.0,0,0.0
39117,3,92312,77,0,2022,A,,1,20,756270,0,0,730,37972,,17.79,7.57,6.85,0.0,0.0,0.91,0.91,N,0,0.0,0,0.0,0,0.0,0,0.0,0,0.0,0,0.0,0,0.0
39117,3,923120,78,0,2022,A,,1,20,756270,0,0,730,37972,,17.79,7.57,6.85,0.0,0.0,0.91,0.91,N,0,0.0,0,0.0,0,0.0,0,0.0,0,0.0,0,0.0,0,0.0
39117,3,925,75,0,2022,A,,0,0,0,0,0,0,0,,0.0,0.0,0.0,0.0,0.0,0.0,0.0,N,-1,-100.0,0,0.0,0,0.0,0,0.0,0,0.0,0,0.0,0,0.0
39117,3,9251,76,0,2022,A,,0,0,0,0,0,0,0,,0.0,0.0,0.0,0.0,0.0,0.0,0.0,N,-1,-100.0,0,0.0,0,0.0,0,0.0,0,0.0,0,0.0,0,0.0
39117,3,92511,77,0,2022,A,,0,0,0,0,0,0,0,,0.0,0.0,0.0,0.0,0.0,0.0,0.0,N,-1,-100.0,0,0.0,0,0.0,0,0.0,0,0.0,0,0.0,0,0.0
39117,3,925110,78,0,2022,A,,0,0,0,0,0,0,0,,0.0,0.0,0.0,0.0,0.0,0.0,0.0,N,-1,-100.0,0,0.0,0,0.0,0,0.0,0,0.0,0,0.0,0,0.0
39117,3,926,75,0,2022,A,,1,2,116958,0,0,1125,58479,,7.41,0.85,1.07,0.0,0.0,1.25,1.25,N,0,0.0,0,0.0,0,0.0,0,0.0,0,0.0,0,0.0,0,0.0
39117,3,9261,76,0,2022,A,,1,2,116958,0,0,1125,58479,,7.41,0.85,1.07,0.0,0.0,1.25,1.25,N,0,0.0,0,0.0,0,0.0,0,0.0,0,0.0,0,0.0,0,0.0
39117,3,92611,77,0,2022,A,,1,2,116958,0,0,1125,58479,,33.73,4.78,6.06,0.0,0.0,1.27,1.27,N,0,0.0,0,0.0,0,0.0,0,0.0,0,0.0,0,0.0,0,0.0
39117,3,926110,78,0,2022,A,,1,2,116958,0,0,1125,58479,,33.73,4.78,6.06,0.0,0.0,1.27,1.27,N,0,0.0,0,0.0,0,0.0,0,0.0,0,0.0,0,0.0,0,0.0
39117,5,10,71,0,2022,A,,481,3651,152614729,39078971,872714,804,41801,,0.9,0.83,0.82,1.01,1.0,0.99,0.99,,25,5.5,-127,-3.4,4581252,3.1,56659,0.1,4663,0.5,51,6.8,2621,6.7
39117,5,101,72,0,2022,A,,138,1153,63869823,14006485,423422,1065,55374,,2.02,1.51,1.82,1.78,1.92,1.21,1.21,,9,7.0,-86,-6.9,1038071,1.7,834013,6.3,64532,18.0,90,9.2,4673,9.2
39117,5,1011,73,0,2022,A,,22,60,2981837,687863,16034,964,50115,,3.21,0.96,1.2,1.02,0.77,1.25,1.25,,1,4.8,2,3.4,16975,0.6,12230,1.8,-1865,-10.4,-20,-2.0,-1077,-2.1
39117,5,1012,73,0,2022,A,,96,421,20337312,5043688,235109,929,48298,,2.22,1.59,1.74,1.73,2.24,1.09,1.09,,8,9.1,-5,-1.2,2911663,16.7,387578,8.3,32639,16.1,142,18.0,7385,18.1
39117,5,1013,73,0,2022,A,,21,673,40550674,8274934,172279,1159,60269,,1.16,1.53,1.94,1.94,1.83,1.26,1.26,,1,5.0,-82,-10.9,-1890567,-4.5,434205,5.5,33758,24.4,79,7.3,4086,7.3
39117,5,102,72,0,2022,A,,343,2498,88744906,25072486,449292,683,35532,,0.73,0.68,0.58,0.82,0.69,0.86,0.86,,15,4.6,-41,-1.6,3543181,4.2,-777354,-3.0,-59869,-11.8,38,5.9,1975,5.9
39117,5,1021,73,0,2022,A,,94,901,34314749,8549151,164354,732,38085,,0.97,0.92,1.01,0.99,0.99,1.09,1.09,,7,8.0,66,7.9,3703507,12.1,139195,1.7,9934,6.4,27,3.8,1436,3.9
39117,5,1022,73,0,2022,A,,7,10,841499,104988,2321,1566,81435,,0.56,0.1,0.09,0.09,0.08,0.93,0.93,,0,0.0,-1,-9.1,75245,9.8,-2559,-2.4,494,27.0,226,16.9,11776,16.9
39117,5,1023,73,0,2022,A,,39,111,5525620,1138422,18875,955,49668,,0.79,0.38,0.27,0.4,0.32,0.71,0.71,,1,2.6,-3,-2.6,-56519,-1.0,44186,4.0,948,5.3,9,1.0,486,1.0
39117,5,1024,73,0,2022,A,,72,262,11079798,3333347,88536,812,42249,,0.65,0.34,0.25,0.41,0.46,0.75,0.75,,3,4.3,-63,-19.4,-2001999,-15.3,-716855,-17.7,-40038,-31.1,38,4.9,2018,5.0
39117,5,1025,73,0,2022,A,,54,599,25344043,6115344,68628,814,42328,,0.56,0.75,0.86,1.37,0.79,1.16,1.16,,2,3.8,-13,-2.1,1696124,7.2,-171579,-2.7,-10242,-13.0,70,9.4,3661,9.5
39117,5,1026,73,0,2022,A,,45,520,8459643,4808562,81350,313,16258,,1.01,0.96,0.85,1.15,0.94,0.89,0.88,,1,2.3,-37,-6.6,-271605,-3.1,-161773,-3.3,-22694,-21.8,12,4.0,585,3.7
39117,5,1027,73,0,2022,A,,32,92,3099347,990965,21169,649,33750,,0.77,0.61,0.7,0.83,0.83,1.16,1.16,,2,6.7,7,8.2,410031,15.2,98724,11.1,-1293,-5.8,38,6.2,1986,6.3
39117,5,1029,73,0,2022,A,,1,2,80207,31707,4059,841,43749,,0.06,0.2,0.18,0.25,0.91,0.97,0.97,,0,0.0,1,100.0,-11603,-12.6,-6693,-17.4,3022,291.4,-1513,-64.3,-78664,-64.3
39117,5,11,74,0,2022,A,,19,51,2364964,632107,11279,898,46677,,3.54,1.18,2.09,1.39,0.79,1.78,1.78,,1,5.6,1,2.0,-104797,-4.2,16126,2.6,-2746,-19.6,-60,-6.3,-3133,-6.3
39117,5,111,75,0,2022,A,,7,28,1028184,292731,5150,713,37052,,2.88,1.49,2.18,1.52,0.87,1.48,1.48,,0,0.0,0,0.0,38201,3.9,16514,6.0,314,6.5,27,3.9,1377,3.9
39117,5,1111,76,0,2022,A,,3,12,333840,144346,2307,539,28015,,4.57,6.35,6.29,7.12,6.39,1.0,1.0,,0,0.0,-1,-7.7,-18422,-5.2,23318,19.3,271,13.3,8,1.5,387,1.4
39117,5,11111,77,0,2022,A,N,1,0,0,0,0,0,0,N,15.93,0.0,0.0,0.0,0.0,0.0,0.0,N,0,0.0,0,0.0,0,0.0,0,0.0,0,0.0,0,0.0,0,0.0
39117,5,111110,78,0,2022,A,N,1,0,0,0,0,0,0,N,15.93,0.0,0.0,0.0,0.0,0.0,0.0,N,0,0.0,0,0.0,0,0.0,0,0.0,0,0.0,0,0.0,0,0.0
39117,5,11115,77,0,2022,A,N,2,0,0,0,0,0,0,N,11.06,0.0,0.0,0.0,0.0,0.0,0.0,N,0,0.0,0,0.0,0,0.0,0,0.0,0,0.0,0,0.0,0,0.0
39117,5,111150,78,0,2022,A,N,2,0,0,0,0,0,0,N,11.06,0.0,0.0,0.0,0.0,0.0,0.0,N,0,0.0,0,0.0,0,0.0,0,0.0,0,0.0,0,0.0,0,0.0
39117,5,1119,76,0,2022,A,,4,16,694344,148385,2843,843,43853,,7.31,6.81,10.88,5.37,3.91,1.61,1.61,,0,0.0,1,6.7,56623,8.9,-6804,-4.4,43,1.5,25,3.1,1338,3.1
39117,5,11199,77,0,2022,A,,4,16,694344,148385,2843,843,43853,,13.18,10.59,17.56,7.37,5.22,1.68,1.68,,0,0.0,1,6.7,56623,8.9,-6804,-4.4,43,1.5,25,3.1,1338,3.1
39117,5,111998,78,0,2022,A,,4,16,694344,148385,2843,843,43853,,14.51,11.29,18.73,7.91,5.43,1.68,1.68,,0,0.0,1,6.7,56623,8.9,-6804,-4.4,43,1.5,25,3.1,1338,3.1
39117,5,112,75,0,2022,A,N,5,0,0,0,0,0,0,N,3.73,0.0,0.0,0.0,0.0,0.0,0.0,N,1,25.0,0,0.0,0,0.0,0,0.0,0,0.0,0,0.0,0,0.0
39117,5,1121,76,0,2022,A,N,3,0,0,0,0,0,0,N,3.52,0.0,0.0,0.0,0.0,0.0,0.0,N,1,50.0,0,0.0,0,0.0,0,0.0,0,0.0,0,0.0,0,0.0
39117,5,11212,77,0,2022,A,N,3,0,0,0,0,0,0,N,9.07,0.0,0.0,0.0,0.0,0.0,0.0,N,1,50.0,0,0.0,0,0.0,0,0.0,0,0.0,0,0.0,0,0.0
39117,5,112120,78,0,2022,A,N,3,0,0,0,0,0,0,N,9.07,0.0,0.0,0.0,0.0,0.0,0.0,N,1,50.0,0,0.0,0,0.0,0,0.0,0,0.0,0,0.0,0,0.0
39117,5,1122,76,0,2022,A,N,1,0,0,0,0,0,0,N,8.66,0.0,0.0,0.0,0.0,0.0,0.0,N,0,0.0,0,0.0,0,0.0,0,0.0,0,0.0,0,0.0,0,0.0
39117,5,11221,77,0,2022,A,N,1,0,0,0,0,0,0,N,8.66,0.0,0.0,0.0,0.0,0.0,0.0,N,0,0.0,0,0.0,0,0.0,0,0.0,0,0.0,0,0.0,0,0.0
39117,5,112210,78,0,2022,A,N,1,0,0,0,0,0,0,N,8.66,0.0,0.0,0.0,0.0,0.0,0.0,N,0,0.0,0,0.0,0,0.0,0,0.0,0,0.0,0,0.0,0,0.0
39117,5,1124,76,0,2022,A,N,1,0,0,0,0,0,0,N,53.43,0.0,0.0,0.0,0.0,0.0,0.0,N,0,0.0,0,0.0,0,0.0,0,0.0,0,0.0,0,0.0,0,0.0
39117,5,11241,77,0,2022,A,N,1,0,0,0,0,0,0,N,82.13,0.0,0.0,0.0,0.0,0.0,0.0,N,0,0.0,0,0.0,0,0.0,0,0.0,0,0.0,0,0.0,0,0.0
39117,5,112410,78,0,2022,A,N,1,0,0,0,0,0,0,N,82.13,0.0,0.0,0.0,0.0,0.0,0.0,N,0,0.0,0,0.0,0,0.0,0,0.0,0,0.0,0,0.0,0,0.0
39117,5,113,75,0,2022,A,N,1,0,0,0,0,0,0,N,2.32,0.0,0.0,0.0,0.0,0.0,0.0,N,0,0.0,0,0.0,0,0.0,0,0.0,0,0.0,0,0.0,0,0.0
39117,5,1133,76,0,2022,A,N,1,0,0,0,0,0,0,N,2.61,0.0,0.0,0.0,0.0,0.0,0.0,N,0,0.0,0,0.0,0,0.0,0,0.0,0,0.0,0,0.0,0,0.0
39117,5,11331,77,0,2022,A,N,1,0,0,0,0,0,0,N,2.61,0.0,0.0,0.0,0.0,0.0,0.0,N,0,0.0,0,0.0,0,0.0,0,0.0,0,0.0,0,0.0,0,0.0
39117,5,113310,78,0,2022,A,N,1,0,0,0,0,0,0,N,2.61,0.0,0.0,0.0,0.0,0.0,0.0,N,0,0.0,0,0.0,0,0.0,0,0.0,0,0.0,0,0.0,0,0.0
39117,5,115,75,0,2022,A,,6,11,881199,163726,3045,1529,79507,,5.83,0.82,2.65,1.18,0.48,3.19,3.19,,0,0.0,-4,-26.7,-364062,-29.2,-56293,-25.6,-4094,-57.3,-41,-2.6,-2149,-2.6
39117,5,1151,76,0,2022,A,,3,8,742307,128720,2307,1842,95782,,5.01,0.69,2.67,1.09,0.39,4.0,4.0,,0,0.0,0,0.0,-265319,-26.3,2627,2.1,56,2.5,-507,-21.6,-26354,-21.6
39117,5,11511,77,0,2022,A,,3,8,742307,128720,2307,1842,95782,,5.01,0.69,2.67,1.09,0.39,4.0,4.0,,0,0.0,0,0.0,-265319,-26.3,2627,2.1,56,2.5,-507,-21.6,-26354,-21.6
39117,5,115112,78,0,2022,A,N,1,0,0,0,0,0,0,N,5.34,0.0,0.0,0.0,0.0,0.0,0.0,N,0,0.0,0,0.0,0,0.0,0,0.0,0,0.0,0,0.0,0,0.0
39117,5,115114,78,0,2022,A,N,2,0,0,0,0,0,0,N,18.67,0.0,0.0,0.0,0.0,0.0,0.0,N,0,0.0,0,0.0,0,0.0,0,0.0,0,0.0,0,0.0,0,0.0
39117,5,1152,76,0,2022,A,,3,3,138892,35006,738,801,41668,,10.21,2.83,4.86,3.7,5.29,1.54,1.54,,0,0.0,-4,-57.1,-98743,-41.6,-58920,-62.7,-4150,-84.9,148,22.7,7720,22.7
39117,5,11521,77,0,2022,A,,3,3,138892,35006,738,801,41668,,10.21,2.83,4.86,3.7,5.29,1.54,1.54,,0,0.0,-4,-57.1,-98743,-41.6,-58920,-62.7,-4150,-84.9,148,22.7,7720,22.7
39117,5,115210,78,0,2022,A,,3,3,138892,35006,738,801,41668,,10.21,2.83,4.86,3.7,5.29,1.54,1.54,,0,0.0,-4,-57.1,-98743,-41.6,-58920,-62.7,-4150,-84.9,148,22.7,7720,22.7
39117,5,21,74,0,2022,A,,3,9,616873,55756,4755,1343,69835,,2.03,0.47,0.45,0.25,0.73,0.98,0.98,,0,0.0,1,12.5,121772,24.6,-3896,-6.5,881,22.7,200,17.5,10423,17.5
39117,5,212,75,0,2022,A,N,1,0,0,0,0,0,0,N,2.84,0.0,0.0,0.0,0.0,0.0,0.0,N,0,0.0,0,0.0,0,0.0,0,0.0,0,0.0,0,0.0,0,0.0
39117,5,2123,76,0,2022,A,N,1,0,0,0,0,0,0,N,3.54,0.0,0.0,0.0,0.0,0.0,0.0,N,0,0.0,0,0.0,0,0.0,0,0.0,0,0.0,0,0.0,0,0.0
39117,5,21232,77,0,2022,A,N,1,0,0,0,0,0,0,N,7.1,0.0,0.0,0.0,0.0,0.0,0.0,N,0,0.0,0,0.0,0,0.0,0,0.0,0,0.0,0,0.0,0,0.0
39117,5,212321,78,0,2022,A,N,1,0,0,0,0,0,0,N,8.24,0.0,0.0,0.0,0.0,0.0,0.0,N,0,0.0,0,0.0,0,0.0,0,0.0,0,0.0,0,0.0,0,0.0
39117,5,213,75,0,2022,A,N,2,0,0,0,0,0,0,N,2.44,0.0,0.0,0.0,0.0,0.0,0.0,N,0,0.0,0,0.0,0,0.0,0,0.0,0,0.0,0,0.0,0,0.0
39117,5,2131,76,0,2022,A,N,2,0,0,0,0,0,0,N,2.44,0.0,0.0,0.0,0.0,0.0,0.0,N,0,0.0,0,0.0,0,0.0,0,0.0,0,0.0,0,0.0,0,0.0
39117,5,21311,77,0,2022,A,N,2,0,0,0,0,0,0,N,2.44,0.0,0.0,0.0,0.0,0.0,0.0,N,0,0.0,0,0.0,0,0.0,0,0.0,0,0.0,0,0.0,0,0.0
39117,5,213111,78,0,2022,A,N,1,0,0,0,0,0,0,N,9.95,0.0,0.0,0.0,0.0,0.0,0.0,N,0,0.0,0,0.0,0,0.0,0,0.0,0,0.0,0,0.0,0,0.0
39117,5,213112,78,0,2022,A,N,1,0,0,0,0,0,0,N,1.49,0.0,0.0,0.0,0.0,0.0,0.0,N,0,0.0,0,0.0,0,0.0,0,0.0,0,0.0,0,0.0,0,0.0
39117,5,22,74,0,2022,A,N,1,0,0,0,0,0,0,N,0.95,0.0,0.0,0.0,0.0,0.0,0.0,N,0,0.0,0,0.0,0,0.0,0,0.0,0,0.0,0,0.0,0,0.0
39117,5,221,75,0,2022,A,N,1,0,0,0,0,0,0,N,0.95,0.0,0.0,0.0,0.0,0.0,0.0,N,0,0.0,0,0.0,0,0.0,0,0.0,0,0.0,0,0.0,0,0.0
39117,5,2211,76,0,2022,A,N,1,0,0,0,0,0,0,N,1.68,0.0,0.0,0.0,0.0,0.0,0.0,N,0,0.0,0,0.0,0,0.0,0,0.0,0,0.0,0,0.0,0,0.0
39117,5,22112,77,0,2022,A,N,1,0,0,0,0,0,0,N,2.99,0.0,0.0,0.0,0.0,0.0,0.0,N,0,0.0,0,0.0,0,0.0,0,0.0,0,0.0,0,0.0,0,0.0
39117,5,221122,78,0,2022,A,N,1,0,0,0,0,0,0,N,3.36,0.0,0.0,0.0,0.0,0.0,0.0,N,0,0.0,0,0.0,0,0.0,0,0.0,0,0.0,0,0.0,0,0.0
39117,5,23,74,0,2022,A,,96,421,20337312,5043688,235109,929,48298,,2.22,1.59,1.74,1.73,2.24,1.09,1.09,,8,9.1,-5,-1.2,2911663,16.7,387578,8.3,32639,16.1,142,18.0,7385,18.1
39117,5,236,75,0,2022,A,,28,124,5086736,1568826,52093,791,41133,,2.08,2.07,1.75,2.38,2.43,0.85,0.85,,0,0.0,23,22.8,910955,21.8,291304,22.8,10529,25.3,-3,-0.4,-143,-0.3
39117,5,2361,76,0,2022,A,N,25,0,0,0,0,0,0,N,2.37,0.0,0.0,0.0,0.0,0.0,0.0,N,0,0.0,0,0.0,0,0.0,0,0.0,0,0.0,0,0.0,0,0.0
39117,5,23611,77,0,2022,A,N,25,0,0,0,0,0,0,N,2.37,0.0,0.0,0.0,0.0,0.0,0.0,N,0,0.0,0,0.0,0,0.0,0,0.0,0,0.0,0,0.0,0,0.0
39117,5,236115,78,0,2022,A,,7,33,1161665,391946,9569,684,35561,,1.61,2.47,1.94,2.61,2.69,0.8,0.8,N,0,0.0,0,0.0,0,0.0,0,0.0,0,0.0,0,0.0,0,0.0
39117,5,236117,78,0,2022,A,N,1,0,0,0,0,0,0,N,4.05,0.0,0.0,0.0,0.0,0.0,0.0,N,0,0.0,0,0.0,0,0.0,0,0.0,0,0.0,0,0.0,0,0.0
39117,5,236118,78,0,2022,A,,17,68,2943188,873021,33673,828,43071,,2.97,4.6,5.79,5.74,7.84,1.25,1.25,,0,0.0,12,21.4,579353,24.5,184873,26.9,4164,14.1,15,1.8,797,1.9
39117,5,2362,76,0,2022,A,N,3,0,0,0,0,0,0,N,1.02,0.0,0.0,0.0,0.0,0.0,0.0,N,0,0.0,0,0.0,0,0.0,0,0.0,0,0.0,0,0.0,0,0.0
39117,5,23621,77,0,2022,A,N,1,0,0,0,0,0,0,N,3.26,0.0,0.0,0.0,0.0,0.0,0.0,N,0,0.0,0,0.0,0,0.0,0,0.0,0,0.0,0,0.0,0,0.0
39117,5,236210,78,0,2022,A,N,1,0,0,0,0,0,0,N,3.26,0.0,0.0,0.0,0.0,0.0,0.0,N,0,0.0,0,0.0,0,0.0,0,0.0,0,0.0,0,0.0,0,0.0
39117,5,23622,77,0,2022,A,N,2,0,0,0,0,0,0,N,0.76,0.0,0.0,0.0,0.0,0.0,0.0,N,0,0.0,0,0.0,0,0.0,0,0.0,0,0.0,0,0.0,0,0.0
39117,5,236220,78,0,2022,A,N,2,0,0,0,0,0,0,N,0.76,0.0,0.0,0.0,0.0,0.0,0.0,N,0,0.0,0,0.0,0,0.0,0,0.0,0,0.0,0,0.0,0,0.0
39117,5,237,75,0,2022,A,,6,32,1370944,292034,25989,830,43179,,2.25,0.87,0.72,0.69,1.29,0.83,0.83,,1,20.0,5,18.5,476280,53.2,77284,36.0,9634,58.9,201,32.0,10447,31.9
39117,5,2371,76,0,2022,A,N,2,0,0,0,0,0,0,N,1.46,0.0,0.0,0.0,0.0,0.0,0.0,N,0,0.0,0,0.0,0,0.0,0,0.0,0,0.0,0,0.0,0,0.0
39117,5,23711,77,0,2022,A,N,1,0,0,0,0,0,0,N,1.65,0.0,0.0,0.0,0.0,0.0,0.0,N,0,0.0,0,0.0,0,0.0,0,0.0,0,0.0,0,0.0,0,0.0
39117,5,237110,78,0,2022,A,N,1,0,0,0,0,0,0,N,1.65,0.0,0.0,0.0,0.0,0.0,0.0,N,0,0.0,0,0.0,0,0.0,0,0.0,0,0.0,0,0.0,0,0.0
39117,5,23713,77,0,2022,A,N,1,0,0,0,0,0,0,N,1.78,0.0,0.0,0.0,0.0,0.0,0.0,N,0,0.0,0,0.0,0,0.0,0,0.0,0,0.0,0,0.0,0,0.0
39117,5,237130,78,0,2022,A,N,1,0,0,0,0,0,0,N,1.78,0.0,0.0,0.0,0.0,0.0,0.0,N,0,0.0,0,0.0,0,0.0,0,0.0,0,0.0,0,0.0,0,0.0
39117,5,2373,76,0,2022,A,,3,27,1131995,247034,25197,811,42186,,5.28,2.26,1.88,1.74,2.94,0.84,0.84,N,0,0.0,0,0.0,0,0.0,0,0.0,0,0.0,0,0.0,0,0.0
39117,5,23731,77,0,2022,A,,3,27,1131995,247034,25197,811,42186,,5.28,2.26,1.88,1.74,2.94,0.84,0.84,N,0,0.0,0,0.0,0,0.0,0,0.0,0,0.0,0,0.0,0,0.0
39117,5,237310,78,0,2022,A,,3,27,1131995,247034,25197,811,42186,,5.28,2.26,1.88,1.74,2.94,0.84,0.84,N,0,0.0,0,0.0,0,0.0,0,0.0,0,0.0,0,0.0,0,0.0
39117,5,2379,76,0,2022,A,N,1,0,0,0,0,0,0,N,2.28,0.0,0.0,0.0,0.0,0.0,0.0,N,1,100.0,0,0.0,0,0.0,0,0.0,0,0.0,0,0.0,0,0.0
39117,5,23799,77,0,2022,A,N,1,0,0,0,0,0,0,N,2.28,0.0,0.0,0.0,0.0,0.0,0.0,N,1,100.0,0,0.0,0,0.0,0,0.0,0,0.0,0,0.0,0,0.0
39117,5,237990,78,0,2022,A,N,1,0,0,0,0,0,0,N,2.28,0.0,0.0,0.0,0.0,0.0,0.0,N,1,100.0,0,0.0,0,0.0,0,0.0,0,0.0,0,0.0,0,0.0
39117,5,238,75,0,2022,A,,61,266,13879632,3182828,157027,1005,52245,,2.26,1.58,2.01,1.74,2.47,1.28,1.28,,5,8.9,-31,-10.4,1524428,12.3,18990,0.6,12476,8.6,206,25.8,10703,25.8
39117,5,2381,76,0,2022,A,,17,72,4172959,930963,59816,1116,58025,,3.15,2.21,3.35,2.57,4.65,1.52,1.52,,2,13.3,-38,-34.5,385051,10.2,-248,0.0,14231,31.2,452,68.1,23485,68.0
39117,5,23811,77,0,2022,A,,10,63,3806204,822527,51862,1160,60336,,8.91,7.46,11.43,8.69,15.41,1.53,1.53,,1,11.1,-38,-37.6,341147,9.8,-9682,-1.2,12469,31.7,503,76.6,26169,76.6
39117,5,238111,78,0,2022,A,N,8,0,0,0,0,0,0,N,9.8,0.0,0.0,0.0,0.0,0.0,0.0,N,1,14.3,0,0.0,0,0.0,0,0.0,0,0.0,0,0.0,0,0.0
39117,5,238112,78,0,2022,A,N,2,0,0,0,0,0,0,N,6.53,0.0,0.0,0.0,0.0,0.0,0.0,N,0,0.0,0,0.0,0,0.0,0,0.0,0,0.0,0,0.0,0,0.0
39117,5,23813,77,0,2022,A,N,1,0,0,0,0,0,0,N,1.78,0.0,0.0,0.0,0.0,0.0,0.0,N,0,0.0,0,0.0,0,0.0,0,0.0,0,0.0,0,0.0,0,0.0
39117,5,238131,78,0,2022,A,N,1,0,0,0,0,0,0,N,2.05,0.0,0.0,0.0,0.0,0.0,0.0,N,0,0.0,0,0.0,0,0.0,0,0.0,0,0.0,0,0.0,0,0.0
39117,5,23814,77,0,2022,A,N,2,0,0,0,0,0,0,N,2.1,0.0,0.0,0.0,0.0,0.0,0.0,N,0,0.0,0,0.0,0,0.0,0,0.0,0,0.0,0,0.0,0,0.0
39117,5,238141,78,0,2022,A,N,2,0,0,0,0,0,0,N,2.78,0.0,0.0,0.0,0.0,0.0,0.0,N,0,0.0,0,0.0,0,0.0,0,0.0,0,0.0,0,0.0,0,0.0
39117,5,23816,77,0,2022,A,N,3,0,0,0,0,0,0,N,2.2,0.0,0.0,0.0,0.0,0.0,0.0,N,1,50.0,0,0.0,0,0.0,0,0.0,0,0.0,0,0.0,0,0.0
39117,5,238161,78,0,2022,A,N,3,0,0,0,0,0,0,N,2.79,0.0,0.0,0.0,0.0,0.0,0.0,N,1,50.0,0,0.0,0,0.0,0,0.0,0,0.0,0,0.0,0,0.0
39117,5,23819,77,0,2022,A,N,1,0,0,0,0,0,0,N,2.7,0.0,0.0,0.0,0.0,0.0,0.0,N,0,0.0,0,0.0,0,0.0,0,0.0,0,0.0,0,0.0,0,0.0
39117,5,238192,78,0,2022,A,N,1,0,0,0,0,0,0,N,6.33,0.0,0.0,0.0,0.0,0.0,0.0,N,0,0.0,0,0.0,0,0.0,0,0.0,0,0.0,0,0.0,0,0.0
39117,5,2382,76,0,2022,A,,21,102,5113945,1134183,28631,967,50301,,1.96,1.25,1.43,1.3,1.02,1.14,1.14,,2,10.5,7,7.4,867212,20.4,52337,4.8,4143,16.9,103,11.9,5362,11.9
39117,5,23821,77,0,2022,A,N,9,0,0,0,0,0,0,N,1.99,0.0,0.0,0.0,0.0,0.0,0.0,N,2,28.6,0,0.0,0,0.0,0,0.0,0,0.0,0,0.0,0,0.0
39117,5,238211,78,0,2022,A,,8,41,2152288,469113,10995,999,51967,,2.93,3.45,4.89,3.66,3.52,1.41,1.41,N,1,14.3,0,0.0,0,0.0,0,0.0,0,0.0,0,0.0,0,0.0
39117,5,238212,78,0,2022,A,N,1,0,0,0,0,0,0,N,0.56,0.0,0.0,0.0,0.0,0.0,0.0,N,1,100.0,0,0.0,0,0.0,0,0.0,0,0.0,0,0.0,0,0.0
39117,5,23822,77,0,2022,A,,11,58,2828356,633325,15890,943,49047,,1.97,1.39,1.6,1.44,1.19,1.16,1.16,,0,0.0,5,9.4,642287,29.4,32559,5.4,354,2.3,150,18.9,7800,18.9
39117,5,238221,78,0,2022,A,,11,58,2828356,633325,15890,943,49047,,2.62,2.63,3.48,2.8,3.05,1.33,1.33,,0,0.0,5,9.4,642287,29.4,32559,5.4,354,2.3,150,18.9,7800,18.9
39117,5,23829,77,0,2022,A,N,1,0,0,0,0,0,0,N,1.76,0.0,0.0,0.0,0.0,0.0,0.0,N,0,0.0,0,0.0,0,0.0,0,0.0,0,0.0,0,0.0,0,0.0
39117,5,238292,78,0,2022,A,N,1,0,0,0,0,0,0,N,2.31,0.0,0.0,0.0,0.0,0.0,0.0,N,0,0.0,0,0.0,0,0.0,0,0.0,0,0.0,0,0.0,0,0.0
39117,5,2383,76,0,2022,A,,8,16,591133,159352,4565,733,38138,,1.23,0.56,0.57,0.51,0.43,1.06,1.06,,-1,-11.1,-2,-11.1,-43450,-6.8,-35052,-18.0,30,0.7,70,10.6,3681,10.7
39117,5,23831,77,0,2022,A,N,1,0,0,0,0,0,0,N,0.96,0.0,0.0,0.0,0.0,0.0,0.0,N,0,0.0,0,0.0,0,0.0,0,0.0,0,0.0,0,0.0,0,0.0
39117,5,238312,78,0,2022,A,N,1,0,0,0,0,0,0,N,3.4,0.0,0.0,0.0,0.0,0.0,0.0,N,0,0.0,0,0.0,0,0.0,0,0.0,0,0.0,0,0.0,0,0.0
39117,5,23832,77,0,2022,A,,3,8,278336,82440,1824,662,34433,,1.5,1.13,1.23,1.09,0.68,1.08,1.08,,0,0.0,-3,-27.3,-56454,-16.9,-26870,-24.6,374,25.8,72,12.2,3765,12.3
39117,5,238321,78,0,2022,A,,3,8,278336,82440,1824,662,34433,,1.79,1.8,2.25,1.75,1.45,1.23,1.24,,0,0.0,-3,-27.3,-56454,-16.9,-26870,-24.6,374,25.8,72,12.2,3765,12.3
39117,5,23835,77,0,2022,A,N,4,0,0,0,0,0,0,N,2.59,0.0,0.0,0.0,0.0,0.0,0.0,N,-1,-20.0,0,0.0,0,0.0,0,0.0,0,0.0,0,0.0,0,0.0
39117,5,238351,78,0,2022,A,N,4,0,0,0,0,0,0,N,2.94,0.0,0.0,0.0,0.0,0.0,0.0,N,-1,-20.0,0,0.0,0,0.0,0,0.0,0,0.0,0,0.0,0,0.0
39117,5,2389,76,0,2022,A,,15,77,4001595,958330,64015,1005,52252,,3.41,3.0,3.88,3.38,5.23,1.3,1.3,,1,7.1,2,2.7,315615,8.6,1953,0.2,-5928,-8.5,58,6.1,2996,6.1
39117,5,23891,77,0,2022,A,,9,46,2646635,504894,31828,1097,57019,,4.68,3.53,4.99,3.41,5.33,1.4,1.4,,0,0.0,-1,-2.1,165755,6.7,-27490,-5.2,-1001,-3.0,84,8.3,4328,8.2
39117,5,238911,78,0,2022,A,,4,6,242735,76475,5688,812,42215,,3.58,1.24,1.4,1.34,2.93,1.18,1.18,,0,0.0,0,0.0,-6213,-2.5,2804,3.8,77,1.4,-33,-3.9,-1717,-3.9
39117,5,238912,78,0,2022,A,,5,41,2403900,428419,26140,1137,59112,,6.19,5.0,6.73,4.7,6.49,1.36,1.36,,0,0.0,0,0.0,171968,7.7,-30294,-6.6,-1078,-4.0,101,9.7,5222,9.7
39117,5,23899,77,0,2022,A,,7,30,1354960,453436,32187,864,44916,,2.83,2.38,2.7,3.34,5.14,1.13,1.13,,2,40.0,2,7.1,149860,12.4,29443,6.9,-4927,-13.3,29,3.5,1489,3.4
39117,5,238991,78,0,2022,A,N,4,0,0,0,0,0,0,N,2.42,0.0,0.0,0.0,0.0,0.0,0.0,N,1,33.3,0,0.0,0,0.0,0,0.0,0,0.0,0,0.0,0,0.0
39117,5,238992,78,0,2022,A,N,3,0,0,0,0,0,0,N,3.67,0.0,0.0,0.0,0.0,0.0,0.0,N,1,50.0,0,0.0,0,0.0,0,0.0,0,0.0,0,0.0,0,0.0
39117,5,31-33,74,0,2022,A,,21,673,40550674,8274934,172279,1159,60269,,1.16,1.53,1.94,1.94,1.83,1.26,1.26,,1,5.0,-82,-10.9,-1890567,-4.5,434205,5.5,33758,24.4,79,7.3,4086,7.3
39117,5,311,75,0,2022,A,,3,23,534723,283591,5856,455,23678,,1.62,0.4,0.26,0.47,0.49,0.68,0.68,N,1,50.0,0,0.0,0,0.0,0,0.0,0,0.0,0,0.0,0,0.0
39117,5,3116,76,0,2022,A,N,2,0,0,0,0,0,0,N,9.53,0.0,0.0,0.0,0.0,0.0,0.0,N,1,100.0,0,0.0,0,0.0,0,0.0,0,0.0,0,0.0,0,0.0
39117,5,31161,77,0,2022,A,N,2,0,0,0,0,0,0,N,9.53,0.0,0.0,0.0,0.0,0.0,0.0,N,1,100.0,0,0.0,0,0.0,0,0.0,0,0.0,0,0.0,0,0.0
39117,5,311611,78,0,2022,A,N,2,0,0,0,0,0,0,N,27.67,0.0,0.0,0.0,0.0,0.0,0.0,N,1,100.0,0,0.0,0,0.0,0,0.0,0,0.0,0,0.0,0,0.0
39117,5,3118,76,0,2022,A,N,1,0,0,0,0,0,0,N,1.4,0.0,0.0,0.0,0.0,0.0,0.0,N,0,0.0,0,0.0,0,0.0,0,0.0,0,0.0,0,0.0,0,0.0
39117,5,31181,77,0,2022,A,N,1,0,0,0,0,0,0,N,1.59,0.0,0.0,0.0,0.0,0.0,0.0,N,0,0.0,0,0.0,0,0.0,0,0.0,0,0.0,0,0.0,0,0.0
39117,5,311812,78,0,2022,A,N,1,0,0,0,0,0,0,N,5.07,0.0,0.0,0.0,0.0,0.0,0.0,N,0,0.0,0,0.0,0,0.0,0,0.0,0,0.0,0,0.0,0,0.0
39117,5,312,75,0,2022,A,N,2,0,0,0,0,0,0,N,2.65,0.0,0.0,0.0,0.0,0.0,0.0,N,0,0.0,0,0.0,0,0.0,0,0.0,0,0.0,0,0.0,0,0.0
39117,5,3121,76,0,2022,A,N,2,0,0,0,0,0,0,N,2.73,0.0,0.0,0.0,0.0,0.0,0.0,N,0,0.0,0,0.0,0,0.0,0,0.0,0,0.0,0,0.0,0,0.0
39117,5,31212,77,0,2022,A,N,1,0,0,0,0,0,0,N,3.63,0.0,0.0,0.0,0.0,0.0,0.0,N,0,0.0,0,0.0,0,0.0,0,0.0,0,0.0,0,0.0,0,0.0
39117,5,312120,78,0,2022,A,N,1,0,0,0,0,0,0,N,3.63,0.0,0.0,0.0,0.0,0.0,0.0,N,0,0.0,0,0.0,0,0.0,0,0.0,0,0.0,0,0.0,0,0.0
39117,5,31213,77,0,2022,A,N,1,0,0,0,0,0,0,N,3.79,0.0,0.0,0.0,0.0,0.0,0.0,N,0,0.0,0,0.0,0,0.0,0,0.0,0,0.0,0,0.0,0,0.0
39117,5,312130,78,0,2022,A,N,1,0,0,0,0,0,0,N,3.79,0.0,0.0,0.0,0.0,0.0,0.0,N,0,0.0,0,0.0,0,0.0,0,0.0,0,0.0,0,0.0,0,0.0
39117,5,314,75,0,2022,A,N,1,0,0,0,0,0,0,N,3.26,0.0,0.0,0.0,0.0,0.0,0.0,N,0,0.0,0,0.0,0,0.0,0,0.0,0,0.0,0,0.0,0,0.0
39117,5,3149,76,0,2022,A,N,1,0,0,0,0,0,0,N,4.38,0.0,0.0,0.0,0.0,0.0,0.0,N,0,0.0,0,0.0,0,0.0,0,0.0,0,0.0,0,0.0,0,0.0
39117,5,31499,77,0,2022,A,N,1,0,0,0,0,0,0,N,6.77,0.0,0.0,0.0,0.0,0.0,0.0,N,0,0.0,0,0.0,0,0.0,0,0.0,0,0.0,0,0.0,0,0.0
39117,5,314999,78,0,2022,A,N,1,0,0,0,0,0,0,N,7.15,0.0,0.0,0.0,0.0,0.0,0.0,N,0,0.0,0,0.0,0,0.0,0,0.0,0,0.0,0,0.0,0,0.0
39117,5,326,75,0,2022,A,N,1,0,0,0,0,0,0,N,1.51,0.0,0.0,0.0,0.0,0.0,0.0,N,0,0.0,0,0.0,0,0.0,0,0.0,0,0.0,0,0.0,0,0.0
39117,5,3262,76,0,2022,A,N,1,0,0,0,0,0,0,N,9.85,0.0,0.0,0.0,0.0,0.0,0.0,N,0,0.0,0,0.0,0,0.0,0,0.0,0,0.0,0,0.0,0,0.0
39117,5,32629,77,0,2022,A,N,1,0,0,0,0,0,0,N,17.99,0.0,0.0,0.0,0.0,0.0,0.0,N,0,0.0,0,0.0,0,0.0,0,0.0,0,0.0,0,0.0,0,0.0
39117,5,326299,78,0,2022,A,N,1,0,0,0,0,0,0,N,30.14,0.0,0.0,0.0,0.0,0.0,0.0,N,0,0.0,0,0.0,0,0.0,0,0.0,0,0.0,0,0.0,0,0.0
39117,5,327,75,0,2022,A,N,2,0,0,0,0,0,0,N,2.42,0.0,0.0,0.0,0.0,0.0,0.0,N,0,0.0,0,0.0,0,0.0,0,0.0,0,0.0,0,0.0,0,0.0
39117,5,3271,76,0,2022,A,N,1,0,0,0,0,0,0,N,14.36,0.0,0.0,0.0,0.0,0.0,0.0,N,0,0.0,0,0.0,0,0.0,0,0.0,0,0.0,0,0.0,0,0.0
39117,5,32712,77,0,2022,A,N,1,0,0,0,0,0,0,N,31.31,0.0,0.0,0.0,0.0,0.0,0.0,N,0,0.0,0,0.0,0,0.0,0,0.0,0,0.0,0,0.0,0,0.0
39117,5,327120,78,0,2022,A,N,1,0,0,0,0,0,0,N,31.31,0.0,0.0,0.0,0.0,0.0,0.0,N,0,0.0,0,0.0,0,0.0,0,0.0,0,0.0,0,0.0,0,0.0
39117,5,3273,76,0,2022,A,N,1,0,0,0,0,0,0,N,2.28,0.0,0.0,0.0,0.0,0.0,0.0,N,0,0.0,0,0.0,0,0.0,0,0.0,0,0.0,0,0.0,0,0.0
39117,5,32732,77,0,2022,A,N,1,0,0,0,0,0,0,N,3.75,0.0,0.0,0.0,0.0,0.0,0.0,N,0,0.0,0,0.0,0,0.0,0,0.0,0,0.0,0,0.0,0,0.0
39117,5,327320,78,0,2022,A,N,1,0,0,0,0,0,0,N,3.75,0.0,0.0,0.0,0.0,0.0,0.0,N,0,0.0,0,0.0,0,0.0,0,0.0,0,0.0,0,0.0,0,0.0
39117,5,331,75,0,2022,A,N,1,0,0,0,0,0,0,N,3.64,0.0,0.0,0.0,0.0,0.0,0.0,N,0,0.0,0,0.0,0,0.0,0,0.0,0,0.0,0,0.0,0,0.0
39117,5,3314,76,0,2022,A,N,1,0,0,0,0,0,0,N,19.74,0.0,0.0,0.0,0.0,0.0,0.0,N,0,0.0,0,0.0,0,0.0,0,0.0,0,0.0,0,0.0,0,0.0
39117,5,33149,77,0,2022,A,N,1,0,0,0,0,0,0,N,36.81,0.0,0.0,0.0,0.0,0.0,0.0,N,0,0.0,0,0.0,0,0.0,0,0.0,0,0.0,0,0.0,0,0.0
39117,5,331491,78,0,2022,A,N,1,0,0,0,0,0,0,N,68.67,0.0,0.0,0.0,0.0,0.0,0.0,N,0,0.0,0,0.0,0,0.0,0,0.0,0,0.0,0,0.0,0,0.0
39117,5,332,75,0,2022,A,,5,24,1190008,239160,4222,944,49072,,1.75,0.49,0.6,0.52,0.41,1.22,1.22,,-1,-16.7,-8,-25.0,-185155,-13.5,-51311,-17.7,-2819,-40.0,113,13.6,5873,13.6
39117,5,3323,76,0,2022,A,N,2,0,0,0,0,0,0,N,2.61,0.0,0.0,0.0,0.0,0.0,0.0,N,0,0.0,0,0.0,0,0.0,0,0.0,0,0.0,0,0.0,0,0.0
39117,5,33231,77,0,2022,A,N,2,0,0,0,0,0,0,N,6.01,0.0,0.0,0.0,0.0,0.0,0.0,N,0,0.0,0,0.0,0,0.0,0,0.0,0,0.0,0,0.0,0,0.0
39117,5,332312,78,0,2022,A,N,1,0,0,0,0,0,0,N,5.62,0.0,0.0,0.0,0.0,0.0,0.0,N,0,0.0,0,0.0,0,0.0,0,0.0,0,0.0,0,0.0,0,0.0
39117,5,332313,78,0,2022,A,N,1,0,0,0,0,0,0,N,10.81,0.0,0.0,0.0,0.0,0.0,0.0,N,0,0.0,0,0.0,0,0.0,0,0.0,0,0.0,0,0.0,0,0.0
39117,5,3324,76,0,2022,A,N,1,0,0,0,0,0,0,N,10.09,0.0,0.0,0.0,0.0,0.0,0.0,N,0,0.0,0,0.0,0,0.0,0,0.0,0,0.0,0,0.0,0,0.0
39117,5,33243,77,0,2022,A,N,1,0,0,0,0,0,0,N,30.09,0.0,0.0,0.0,0.0,0.0,0.0,N,0,0.0,0,0.0,0,0.0,0,0.0,0,0.0,0,0.0,0,0.0
39117,5,332439,78,0,2022,A,N,1,0,0,0,0,0,0,N,46.23,0.0,0.0,0.0,0.0,0.0,0.0,N,0,0.0,0,0.0,0,0.0,0,0.0,0,0.0,0,0.0,0,0.0
39117,5,3327,76,0,2022,A,N,2,0,0,0,0,0,0,N,1.96,0.0,0.0,0.0,0.0,0.0,0.0,N,0,0.0,0,0.0,0,0.0,0,0.0,0,0.0,0,0.0,0,0.0
39117,5,33271,77,0,2022,A,N,2,0,0,0,0,0,0,N,2.18,0.0,0.0,0.0,0.0,0.0,0.0,N,0,0.0,0,0.0,0,0.0,0,0.0,0,0.0,0,0.0,0,0.0
39117,5,332710,78,0,2022,A,N,2,0,0,0,0,0,0,N,2.18,0.0,0.0,0.0,0.0,0.0,0.0,N,0,0.0,0,0.0,0,0.0,0,0.0,0,0.0,0,0.0,0,0.0
39117,5,333,75,0,2022,A,N,3,0,0,0,0,0,0,N,1.92,0.0,0.0,0.0,0.0,0.0,0.0,N,1,50.0,0,0.0,0,0.0,0,0.0,0,0.0,0,0.0,0,0.0
39117,5,3333,76,0,2022,A,N,1,0,0,0,0,0,0,N,6.75,0.0,0.0,0.0,0.0,0.0,0.0,N,1,100.0,0,0.0,0,0.0,0,0.0,0,0.0,0,0.0,0,0.0
39117,5,33331,77,0,2022,A,N,1,0,0,0,0,0,0,N,6.75,0.0,0.0,0.0,0.0,0.0,0.0,N,1,100.0,0,0.0,0,0.0,0,0.0,0,0.0,0,0.0,0,0.0
39117,5,333310,78,0,2022,A,N,1,0,0,0,0,0,0,N,6.75,0.0,0.0,0.0,0.0,0.0,0.0,N,1,100.0,0,0.0,0,0.0,0,0.0,0,0.0,0,0.0,0,0.0
39117,5,3335,76,0,2022,A,N,1,0,0,0,0,0,0,N,2.67,0.0,0.0,0.0,0.0,0.0,0.0,N,0,0.0,0,0.0,0,0.0,0,0.0,0,0.0,0,0.0,0,0.0
39117,5,33351,77,0,2022,A,N,1,0,0,0,0,0,0,N,2.67,0.0,0.0,0.0,0.0,0.0,0.0,N,0,0.0,0,0.0,0,0.0,0,0.0,0,0.0,0,0.0,0,0.0
39117,5,333517,78,0,2022,A,N,1,0,0,0,0,0,0,N,10.09,0.0,0.0,0.0,0.0,0.0,0.0,N,0,0.0,0,0.0,0,0.0,0,0.0,0,0.0,0,0.0,0,0.0
39117,5,3339,76,0,2022,A,N,1,0,0,0,0,0,0,N,2.57,0.0,0.0,0.0,0.0,0.0,0.0,N,0,0.0,0,0.0,0,0.0,0,0.0,0,0.0,0,0.0,0,0.0
39117,5,33392,77,0,2022,A,N,1,0,0,0,0,0,0,N,9.86,0.0,0.0,0.0,0.0,0.0,0.0,N,0,0.0,0,0.0,0,0.0,0,0.0,0,0.0,0,0.0,0,0.0
39117,5,333922,78,0,2022,A,N,1,0,0,0,0,0,0,N,20.84,0.0,0.0,0.0,0.0,0.0,0.0,N,0,0.0,0,0.0,0,0.0,0,0.0,0,0.0,0,0.0,0,0.0
39117,5,336,75,0,2022,A,N,3,0,0,0,0,0,0,N,3.68,0.0,0.0,0.0,0.0,0.0,0.0,N,0,0.0,0,0.0,0,0.0,0,0.0,0,0.0,0,0.0,0,0.0
39117,5,3362,76,0,2022,A,N,1,0,0,0,0,0,0,N,8.48,0.0,0.0,0.0,0.0,0.0,0.0,N,0,0.0,0,0.0,0,0.0,0,0.0,0,0.0,0,0.0,0,0.0
39117,5,33621,77,0,2022,A,N,1,0,0,0,0,0,0,N,8.48,0.0,0.0,0.0,0.0,0.0,0.0,N,0,0.0,0,0.0,0,0.0,0,0.0,0,0.0,0,0.0,0,0.0
39117,5,336214,78,0,2022,A,N,1,0,0,0,0,0,0,N,24.93,0.0,0.0,0.0,0.0,0.0,0.0,N,0,0.0,0,0.0,0,0.0,0,0.0,0,0.0,0,0.0,0,0.0
39117,5,3363,76,0,2022,A,N,2,0,0,0,0,0,0,N,6.86,0.0,0.0,0.0,0.0,0.0,0.0,N,0,0.0,0,0.0,0,0.0,0,0.0,0,0.0,0,0.0,0,0.0
39117,5,33639,77,0,2022,A,N,2,0,0,0,0,0,0,N,21.53,0.0,0.0,0.0,0.0,0.0,0.0,N,0,0.0,0,0.0,0,0.0,0,0.0,0,0.0,0,0.0,0,0.0
39117,5,336390,78,0,2022,A,N,2,0,0,0,0,0,0,N,21.53,0.0,0.0,0.0,0.0,0.0,0.0,N,0,0.0,0,0.0,0,0.0,0,0.0,0,0.0,0,0.0,0,0.0
39117,5,339,75,0,2022,A,N,0,0,0,0,0,0,0,N,0.0,0.0,0.0,0.0,0.0,0.0,0.0,N,0,0.0,0,0.0,0,0.0,0,0.0,0,0.0,0,0.0,0,0.0
39117,5,3399,76,0,2022,A,N,0,0,0,0,0,0,0,N,0.0,0.0,0.0,0.0,0.0,0.0,0.0,N,0,0.0,0,0.0,0,0.0,0,0.0,0,0.0,0,0.0,0,0.0
39117,5,33999,77,0,2022,A,N,0,0,0,0,0,0,0,N,0.0,0.0,0.0,0.0,0.0,0.0,0.0,N,0,0.0,0,0.0,0,0.0,0,0.0,0,0.0,0,0.0,0,0.0
39117,5,339999,78,0,2022,A,N,0,0,0,0,0,0,0,N,0.0,0.0,0.0,0.0,0.0,0.0,0.0,N,0,0.0,0,0.0,0,0.0,0,0.0,0,0.0,0,0.0,0,0.0
39117,5,42,74,0,2022,A,,21,150,8466329,1508726,40990,1085,56411,,0.69,0.73,0.72,0.74,0.97,0.99,0.99,,2,10.5,27,22.0,1737118,25.8,111661,8.0,11245,37.8,29,2.7,1516,2.8
39117,5,423,75,0,2022,A,N,10,0,0,0,0,0,0,N,0.64,0.0,0.0,0.0,0.0,0.0,0.0,N,1,11.1,0,0.0,0,0.0,0,0.0,0,0.0,0,0.0,0,0.0
39117,5,4231,76,0,2022,A,N,3,0,0,0,0,0,0,N,2.36,0.0,0.0,0.0,0.0,0.0,0.0,N,1,50.0,0,0.0,0,0.0,0,0.0,0,0.0,0,0.0,0,0.0
39117,5,42312,77,0,2022,A,N,3,0,0,0,0,0,0,N,4.3,0.0,0.0,0.0,0.0,0.0,0.0,N,1,50.0,0,0.0,0,0.0,0,0.0,0,0.0,0,0.0,0,0.0
39117,5,423120,78,0,2022,A,N,3,0,0,0,0,0,0,N,4.3,0.0,0.0,0.0,0.0,0.0,0.0,N,1,50.0,0,0.0,0,0.0,0,0.0,0,0.0,0,0.0,0,0.0
39117,5,4233,76,0,2022,A,N,1,0,0,0,0,0,0,N,0.86,0.0,0.0,0.0,0.0,0.0,0.0,N,0,0.0,0,0.0,0,0.0,0,0.0,0,0.0,0,0.0,0,0.0
39117,5,42331,77,0,2022,A,N,1,0,0,0,0,0,0,N,2.23,0.0,0.0,0.0,0.0,0.0,0.0,N,0,0.0,0,0.0,0,0.0,0,0.0,0,0.0,0,0.0,0,0.0
39117,5,423310,78,0,2022,A,N,1,0,0,0,0,0,0,N,2.23,0.0,0.0,0.0,0.0,0.0,0.0,N,0,0.0,0,0.0,0,0.0,0,0.0,0,0.0,0,0.0,0,0.0
39117,5,4234,76,0,2022,A,N,1,0,0,0,0,0,0,N,0.29,0.0,0.0,0.0,0.0,0.0,0.0,N,-1,-50.0,0,0.0,0,0.0,0,0.0,0,0.0,0,0.0,0,0.0
39117,5,42342,77,0,2022,A,N,1,0,0,0,0,0,0,N,3.42,0.0,0.0,0.0,0.0,0.0,0.0,N,0,0.0,0,0.0,0,0.0,0,0.0,0,0.0,0,0.0,0,0.0
39117,5,423420,78,0,2022,A,N,1,0,0,0,0,0,0,N,3.42,0.0,0.0,0.0,0.0,0.0,0.0,N,0,0.0,0,0.0,0,0.0,0,0.0,0,0.0,0,0.0,0,0.0
39117,5,42345,77,0,2022,A,N,0,0,0,0,0,0,0,N,0.0,0.0,0.0,0.0,0.0,0.0,0.0,N,-1,-100.0,0,0.0,0,0.0,0,0.0,0,0.0,0,0.0,0,0.0
39117,5,423450,78,0,2022,A,N,0,0,0,0,0,0,0,N,0.0,0.0,0.0,0.0,0.0,0.0,0.0,N,-1,-100.0,0,0.0,0,0.0,0,0.0,0,0.0,0,0.0,0,0.0
39117,5,4235,76,0,2022,A,N,1,0,0,0,0,0,0,N,1.86,0.0,0.0,0.0,0.0,0.0,0.0,N,0,0.0,0,0.0,0,0.0,0,0.0,0,0.0,0,0.0,0,0.0
39117,5,42351,77,0,2022,A,N,1,0,0,0,0,0,0,N,1.95,0.0,0.0,0.0,0.0,0.0,0.0,N,0,0.0,0,0.0,0,0.0,0,0.0,0,0.0,0,0.0,0,0.0
39117,5,423510,78,0,2022,A,N,1,0,0,0,0,0,0,N,1.95,0.0,0.0,0.0,0.0,0.0,0.0,N,0,0.0,0,0.0,0,0.0,0,0.0,0,0.0,0,0.0,0,0.0
39117,5,4238,76,0,2022,A,N,2,0,0,0,0,0,0,N,0.56,0.0,0.0,0.0,0.0,0.0,0.0,N,1,100.0,0,0.0,0,0.0,0,0.0,0,0.0,0,0.0,0,0.0
39117,5,42382,77,0,2022,A,N,1,0,0,0,0,0,0,N,2.28,0.0,0.0,0.0,0.0,0.0,0.0,N,0,0.0,0,0.0,0,0.0,0,0.0,0,0.0,0,0.0,0,0.0
39117,5,423820,78,0,2022,A,N,1,0,0,0,0,0,0,N,2.28,0.0,0.0,0.0,0.0,0.0,0.0,N,0,0.0,0,0.0,0,0.0,0,0.0,0,0.0,0,0.0,0,0.0
39117,5,42384,77,0,2022,A,N,1,0,0,0,0,0,0,N,1.62,0.0,0.0,0.0,0.0,0.0,0.0,N,1,100.0,0,0.0,0,0.0,0,0.0,0,0.0,0,0.0,0,0.0
39117,5,423840,78,0,2022,A,N,1,0,0,0,0,0,0,N,1.62,0.0,0.0,0.0,0.0,0.0,0.0,N,1,100.0,0,0.0,0,0.0,0,0.0,0,0.0,0,0.0,0,0.0
39117,5,4239,76,0,2022,A,N,2,0,0,0,0,0,0,N,1.02,0.0,0.0,0.0,0.0,0.0,0.0,N,0,0.0,0,0.0,0,0.0,0,0.0,0,0.0,0,0.0,0,0.0
39117,5,42393,77,0,2022,A,N,2,0,0,0,0,0,0,N,5.27,0.0,0.0,0.0,0.0,0.0,0.0,N,1,100.0,0,0.0,0,0.0,0,0.0,0,0.0,0,0.0,0,0.0
39117,5,423930,78,0,2022,A,N,2,0,0,0,0,0,0,N,5.27,0.0,0.0,0.0,0.0,0.0,0.0,N,1,100.0,0,0.0,0,0.0,0,0.0,0,0.0,0,0.0,0,0.0
39117,5,424,75,0,2022,A,,9,122,6921041,1232747,37425,1088,56575,,1.06,1.64,1.78,1.64,2.42,1.08,1.08,,1,12.5,21,20.8,1472983,27.0,87882,7.7,12512,50.2,52,5.0,2678,5.0
39117,5,4241,76,0,2022,A,N,1,0,0,0,0,0,0,N,2.1,0.0,0.0,0.0,0.0,0.0,0.0,N,0,0.0,0,0.0,0,0.0,0,0.0,0,0.0,0,0.0,0,0.0
39117,5,42412,77,0,2022,A,N,1,0,0,0,0,0,0,N,5.92,0.0,0.0,0.0,0.0,0.0,0.0,N,0,0.0,0,0.0,0,0.0,0,0.0,0,0.0,0,0.0,0,0.0
39117,5,424120,78,0,2022,A,N,1,0,0,0,0,0,0,N,5.92,0.0,0.0,0.0,0.0,0.0,0.0,N,0,0.0,0,0.0,0,0.0,0,0.0,0,0.0,0,0.0,0,0.0
39117,5,4242,76,0,2022,A,N,1,0,0,0,0,0,0,N,0.91,0.0,0.0,0.0,0.0,0.0,0.0,N,0,0.0,0,0.0,0,0.0,0,0.0,0,0.0,0,0.0,0,0.0
39117,5,42421,77,0,2022,A,N,1,0,0,0,0,0,0,N,0.91,0.0,0.0,0.0,0.0,0.0,0.0,N,0,0.0,0,0.0,0,0.0,0,0.0,0,0.0,0,0.0,0,0.0
39117,5,424210,78,0,2022,A,N,1,0,0,0,0,0,0,N,0.91,0.0,0.0,0.0,0.0,0.0,0.0,N,0,0.0,0,0.0,0,0.0,0,0.0,0,0.0,0,0.0,0,0.0
39117,5,4245,76,0,2022,A,N,2,0,0,0,0,0,0,N,6.0,0.0,0.0,0.0,0.0,0.0,0.0,N,1,100.0,0,0.0,0,0.0,0,0.0,0,0.0,0,0.0,0,0.0
39117,5,42451,77,0,2022,A,N,1,0,0,0,0,0,0,N,5.28,0.0,0.0,0.0,0.0,0.0,0.0,N,0,0.0,0,0.0,0,0.0,0,0.0,0,0.0,0,0.0,0,0.0
39117,5,424510,78,0,2022,A,N,1,0,0,0,0,0,0,N,5.28,0.0,0.0,0.0,0.0,0.0,0.0,N,0,0.0,0,0.0,0,0.0,0,0.0,0,0.0,0,0.0,0,0.0
39117,5,42459,77,0,2022,A,N,1,0,0,0,0,0,0,N,12.07,0.0,0.0,0.0,0.0,0.0,0.0,N,1,100.0,0,0.0,0,0.0,0,0.0,0,0.0,0,0.0,0,0.0
39117,5,424590,78,0,2022,A,N,1,0,0,0,0,0,0,N,12.07,0.0,0.0,0.0,0.0,0.0,0.0,N,1,100.0,0,0.0,0,0.0,0,0.0,0,0.0,0,0.0,0,0.0
39117,5,4247,76,0,2022,A,,3,78,4530837,917747,27010,1122,58337,,7.48,22.81,20.97,25.72,38.29,0.92,0.92,,0,0.0,-2,-2.5,121978,2.8,1475,0.2,9018,50.1,59,5.6,3054,5.5
39117,5,42471,77,0,2022,A,N,1,0,0,0,0,0,0,N,7.64,0.0,0.0,0.0,0.0,0.0,0.0,N,0,0.0,0,0.0,0,0.0,0,0.0,0,0.0,0,0.0,0,0.0
39117,5,424710,78,0,2022,A,N,1,0,0,0,0,0,0,N,7.64,0.0,0.0,0.0,0.0,0.0,0.0,N,0,0.0,0,0.0,0,0.0,0,0.0,0,0.0,0,0.0,0,0.0
39117,5,42472,77,0,2022,A,N,2,0,0,0,0,0,0,N,7.4,0.0,0.0,0.0,0.0,0.0,0.0,N,0,0.0,0,0.0,0,0.0,0,0.0,0,0.0,0,0.0,0,0.0
39117,5,424720,78,0,2022,A,N,2,0,0,0,0,0,0,N,7.4,0.0,0.0,0.0,0.0,0.0,0.0,N,0,0.0,0,0.0,0,0.0,0,0.0,0,0.0,0,0.0,0,0.0
39117,5,4249,76,0,2022,A,N,2,0,0,0,0,0,0,N,1.1,0.0,0.0,0.0,0.0,0.0,0.0,N,0,0.0,0,0.0,0,0.0,0,0.0,0,0.0,0,0.0,0,0.0
39117,5,42491,77,0,2022,A,N,1,0,0,0,0,0,0,N,1.63,0.0,0.0,0.0,0.0,0.0,0.0,N,0,0.0,0,0.0,0,0.0,0,0.0,0,0.0,0,0.0,0,0.0
39117,5,424910,78,0,2022,A,N,1,0,0,0,0,0,0,N,1.63,0.0,0.0,0.0,0.0,0.0,0.0,N,0,0.0,0,0.0,0,0.0,0,0.0,0,0.0,0,0.0,0,0.0
39117,5,42499,77,0,2022,A,N,1,0,0,0,0,0,0,N,1.44,0.0,0.0,0.0,0.0,0.0,0.0,N,0,0.0,0,0.0,0,0.0,0,0.0,0,0.0,0,0.0,0,0.0
39117,5,424990,78,0,2022,A,N,1,0,0,0,0,0,0,N,1.44,0.0,0.0,0.0,0.0,0.0,0.0,N,0,0.0,0,0.0,0,0.0,0,0.0,0,0.0,0,0.0,0,0.0
39117,5,425,75,0,2022,A,N,2,0,0,0,0,0,0,N,0.32,0.0,0.0,0.0,0.0,0.0,0.0,N,0,0.0,0,0.0,0,0.0,0,0.0,0,0.0,0,0.0,0,0.0
39117,5,4251,76,0,2022,A,N,2,0,0,0,0,0,0,N,0.32,0.0,0.0,0.0,0.0,0.0,0.0,N,0,0.0,0,0.0,0,0.0,0,0.0,0,0.0,0,0.0,0,0.0
39117,5,42512,77,0,2022,A,N,2,0,0,0,0,0,0,N,0.32,0.0,0.0,0.0,0.0,0.0,0.0,N,0,0.0,0,0.0,0,0.0,0,0.0,0,0.0,0,0.0,0,0.0
39117,5,425120,78,0,2022,A,N,2,0,0,0,0,0,0,N,0.32,0.0,0.0,0.0,0.0,0.0,0.0,N,0,0.0,0,0.0,0,0.0,0,0.0,0,0.0,0,0.0,0,0.0
39117,5,44-45,74,0,2022,A,,56,630,18639268,5852572,92118,569,29586,,1.11,1.18,1.44,1.36,1.27,1.22,1.22,,2,3.7,-5,-0.8,280549,1.5,-300524,-4.9,-16645,-15.3,13,2.3,656,2.3
39117,5,441,75,0,2022,A,,7,124,4618734,1316457,23725,716,37248,,1.19,1.8,1.58,2.01,1.94,0.88,0.88,,-1,-12.5,-12,-8.8,-30627,-0.7,-81893,-5.9,-3525,-12.9,61,9.3,3166,9.3
39117,5,4411,76,0,2022,A,N,2,0,0,0,0,0,0,N,0.88,0.0,0.0,0.0,0.0,0.0,0.0,N,0,0.0,0,0.0,0,0.0,0,0.0,0,0.0,0,0.0,0,0.0
39117,5,44111,77,0,2022,A,N,2,0,0,0,0,0,0,N,2.0,0.0,0.0,0.0,0.0,0.0,0.0,N,0,0.0,0,0.0,0,0.0,0,0.0,0,0.0,0,0.0,0,0.0
39117,5,441110,78,0,2022,A,N,2,0,0,0,0,0,0,N,2.0,0.0,0.0,0.0,0.0,0.0,0.0,N,0,0.0,0,0.0,0,0.0,0,0.0,0,0.0,0,0.0,0,0.0
39117,5,4413,76,0,2022,A,N,5,0,0,0,0,0,0,N,1.75,0.0,0.0,0.0,0.0,0.0,0.0,N,0,0.0,0,0.0,0,0.0,0,0.0,0,0.0,0,0.0,0,0.0
39117,5,44133,77,0,2022,A,N,3,0,0,0,0,0,0,N,1.6,0.0,0.0,0.0,0.0,0.0,0.0,N,3,100.0,0,0.0,0,0.0,0,0.0,0,0.0,0,0.0,0,0.0
39117,5,441330,78,0,2022,A,N,3,0,0,0,0,0,0,N,1.6,0.0,0.0,0.0,0.0,0.0,0.0,N,3,100.0,0,0.0,0,0.0,0,0.0,0,0.0,0,0.0,0,0.0
39117,5,44134,77,0,2022,A,N,2,0,0,0,0,0,0,N,2.03,0.0,0.0,0.0,0.0,0.0,0.0,N,2,100.0,0,0.0,0,0.0,0,0.0,0,0.0,0,0.0,0,0.0
39117,5,441340,78,0,2022,A,N,2,0,0,0,0,0,0,N,2.03,0.0,0.0,0.0,0.0,0.0,0.0,N,2,100.0,0,0.0,0,0.0,0,0.0,0,0.0,0,0.0,0,0.0
39117,5,444,75,0,2022,A,,5,43,1639211,406656,8142,737,38344,,1.45,0.88,1.32,0.98,1.11,1.52,1.52,,0,0.0,-1,-2.3,-93338,-5.4,-100508,-19.8,-7489,-47.9,-15,-2.0,-736,-1.9
39117,5,4441,76,0,2022,A,N,3,0,0,0,0,0,0,N,1.15,0.0,0.0,0.0,0.0,0.0,0.0,N,0,0.0,0,0.0,0,0.0,0,0.0,0,0.0,0,0.0,0,0.0
39117,5,44414,77,0,2022,A,N,3,0,0,0,0,0,0,N,4.06,0.0,0.0,0.0,0.0,0.0,0.0,N,3,100.0,0,0.0,0,0.0,0,0.0,0,0.0,0,0.0,0,0.0
39117,5,444140,78,0,2022,A,N,3,0,0,0,0,0,0,N,4.06,0.0,0.0,0.0,0.0,0.0,0.0,N,3,100.0,0,0.0,0,0.0,0,0.0,0,0.0,0,0.0,0,0.0
39117,5,4442,76,0,2022,A,N,2,0,0,0,0,0,0,N,2.38,0.0,0.0,0.0,0.0,0.0,0.0,N,0,0.0,0,0.0,0,0.0,0,0.0,0,0.0,0,0.0,0,0.0
39117,5,44424,77,0,2022,A,N,2,0,0,0,0,0,0,N,3.06,0.0,0.0,0.0,0.0,0.0,0.0,N,2,100.0,0,0.0,0,0.0,0,0.0,0,0.0,0,0.0,0,0.0
39117,5,444240,78,0,2022,A,N,2,0,0,0,0,0,0,N,3.06,0.0,0.0,0.0,0.0,0.0,0.0,N,2,100.0,0,0.0,0,0.0,0,0.0,0,0.0,0,0.0,0,0.0
39117,5,445,75,0,2022,A,,9,119,4425126,934426,11284,713,37056,,1.19,1.09,2.17,1.13,0.94,1.99,1.99,,3,50.0,11,10.2,906212,25.8,-99054,-9.6,-2679,-19.2,85,13.5,4398,13.5
39117,5,4451,76,0,2022,A,N,8,0,0,0,0,0,0,N,1.74,0.0,0.0,0.0,0.0,0.0,0.0,N,3,60.0,0,0.0,0,0.0,0,0.0,0,0.0,0,0.0,0,0.0
39117,5,44511,77,0,2022,A,N,4,0,0,0,0,0,0,N,1.44,0.0,0.0,0.0,0.0,0.0,0.0,N,1,33.3,0,0.0,0,0.0,0,0.0,0,0.0,0,0.0,0,0.0
39117,5,445110,78,0,2022,A,N,4,0,0,0,0,0,0,N,1.44,0.0,0.0,0.0,0.0,0.0,0.0,N,1,33.3,0,0.0,0,0.0,0,0.0,0,0.0,0,0.0,0,0.0
39117,5,44513,77,0,2022,A,,4,10,206206,105949,1653,417,21706,,2.19,1.41,1.59,1.87,1.38,1.18,1.18,N,4,100.0,0,0.0,0,0.0,0,0.0,0,0.0,0,0.0,0,0.0
39117,5,445131,78,0,2022,A,,4,10,206206,105949,1653,417,21706,,2.4,1.7,2.12,2.3,1.76,1.31,1.31,N,4,100.0,0,0.0,0,0.0,0,0.0,0,0.0,0,0.0,0,0.0
39117,5,4453,76,0,2022,A,N,1,0,0,0,0,0,0,N,0.63,0.0,0.0,0.0,0.0,0.0,0.0,N,0,0.0,0,0.0,0,0.0,0,0.0,0,0.0,0,0.0,0,0.0
39117,5,44532,77,0,2022,A,N,1,0,0,0,0,0,0,N,0.63,0.0,0.0,0.0,0.0,0.0,0.0,N,1,100.0,0,0.0,0,0.0,0,0.0,0,0.0,0,0.0,0,0.0
39117,5,445320,78,0,2022,A,N,1,0,0,0,0,0,0,N,0.63,0.0,0.0,0.0,0.0,0.0,0.0,N,1,100.0,0,0.0,0,0.0,0,0.0,0,0.0,0,0.0,0,0.0
39117,5,449,75,0,2022,A,N,1,0,0,0,0,0,0,N,0.23,0.0,0.0,0.0,0.0,0.0,0.0,N,1,100.0,0,0.0,0,0.0,0,0.0,0,0.0,0,0.0,0,0.0
39117,5,4492,76,0,2022,A,N,1,0,0,0,0,0,0,N,0.47,0.0,0.0,0.0,0.0,0.0,0.0,N,1,100.0,0,0.0,0,0.0,0,0.0,0,0.0,0,0.0,0,0.0
39117,5,44921,77,0,2022,A,N,1,0,0,0,0,0,0,N,0.47,0.0,0.0,0.0,0.0,0.0,0.0,N,1,100.0,0,0.0,0,0.0,0,0.0,0,0.0,0,0.0,0,0.0
39117,5,449210,78,0,2022,A,N,1,0,0,0,0,0,0,N,0.47,0.0,0.0,0.0,0.0,0.0,0.0,N,1,100.0,0,0.0,0,0.0,0,0.0,0,0.0,0,0.0,0,0.0
39117,5,455,75,0,2022,A,,11,75,1605909,795487,13323,415,21556,,3.02,0.69,0.78,0.96,1.08,1.14,1.14,N,11,100.0,0,0.0,0,0.0,0,0.0,0,0.0,0,0.0,0,0.0
39117,5,4552,76,0,2022,A,,11,75,1605909,795487,13323,415,21556,,3.55,0.98,1.06,1.34,1.58,1.09,1.09,N,11,100.0,0,0.0,0,0.0,0,0.0,0,0.0,0,0.0,0,0.0
39117,5,45521,77,0,2022,A,,11,75,1605909,795487,13323,415,21556,,3.55,0.98,1.06,1.34,1.58,1.09,1.09,N,11,100.0,0,0.0,0,0.0,0,0.0,0,0.0,0,0.0,0,0.0
39117,5,455219,78,0,2022,A,,11,75,1605909,795487,13323,415,21556,,3.94,3.68,4.46,5.53,4.8,1.22,1.22,N,11,100.0,0,0.0,0,0.0,0,0.0,0,0.0,0,0.0,0,0.0
39117,5,456,75,0,2022,A,N,3,0,0,0,0,0,0,N,0.53,0.0,0.0,0.0,0.0,0.0,0.0,N,3,100.0,0,0.0,0,0.0,0,0.0,0,0.0,0,0.0,0,0.0
39117,5,4561,76,0,2022,A,N,3,0,0,0,0,0,0,N,0.53,0.0,0.0,0.0,0.0,0.0,0.0,N,3,100.0,0,0.0,0,0.0,0,0.0,0,0.0,0,0.0,0,0.0
39117,5,45611,77,0,2022,A,N,3,0,0,0,0,0,0,N,0.96,0.0,0.0,0.0,0.0,0.0,0.0,N,3,100.0,0,0.0,0,0.0,0,0.0,0,0.0,0,0.0,0,0.0
39117,5,456110,78,0,2022,A,N,3,0,0,0,0,0,0,N,0.96,0.0,0.0,0.0,0.0,0.0,0.0,N,3,100.0,0,0.0,0,0.0,0,0.0,0,0.0,0,0.0,0,0.0
39117,5,457,75,0,2022,A,,16,187,4046304,1718960,25569,417,21667,,2.86,5.28,5.97,5.47,5.28,1.13,1.13,N,16,100.0,0,0.0,0,0.0,0,0.0,0,0.0,0,0.0,0,0.0
39117,5,4571,76,0,2022,A,,16,187,4046304,1718960,25569,417,21667,,3.07,5.68,7.01,5.95,6.17,1.24,1.24,N,16,100.0,0,0.0,0,0.0,0,0.0,0,0.0,0,0.0,0,0.0
39117,5,45711,77,0,2022,A,N,15,0,0,0,0,0,0,N,3.16,0.0,0.0,0.0,0.0,0.0,0.0,N,15,100.0,0,0.0,0,0.0,0,0.0,0,0.0,0,0.0,0,0.0
39117,5,457110,78,0,2022,A,N,15,0,0,0,0,0,0,N,3.16,0.0,0.0,0.0,0.0,0.0,0.0,N,15,100.0,0,0.0,0,0.0,0,0.0,0,0.0,0,0.0,0,0.0
39117,5,45712,77,0,2022,A,N,1,0,0,0,0,0,0,N,2.17,0.0,0.0,0.0,0.0,0.0,0.0,N,1,100.0,0,0.0,0,0.0,0,0.0,0,0.0,0,0.0,0,0.0
39117,5,457120,78,0,2022,A,N,1,0,0,0,0,0,0,N,2.17,0.0,0.0,0.0,0.0,0.0,0.0,N,1,100.0,0,0.0,0,0.0,0,0.0,0,0.0,0,0.0,0,0.0
39117,5,458,75,0,2022,A,N,1,0,0,0,0,0,0,N,0.18,0.0,0.0,0.0,0.0,0.0,0.0,N,1,100.0,0,0.0,0,0.0,0,0.0,0,0.0,0,0.0,0,0.0
39117,5,4583,76,0,2022,A,N,1,0,0,0,0,0,0,N,0.99,0.0,0.0,0.0,0.0,0.0,0.0,N,1,100.0,0,0.0,0,0.0,0,0.0,0,0.0,0,0.0,0,0.0
39117,5,45831,77,0,2022,A,N,1,0,0,0,0,0,0,N,1.05,0.0,0.0,0.0,0.0,0.0,0.0,N,1,100.0,0,0.0,0,0.0,0,0.0,0,0.0,0,0.0,0,0.0
39117,5,458310,78,0,2022,A,N,1,0,0,0,0,0,0,N,1.05,0.0,0.0,0.0,0.0,0.0,0.0,N,1,100.0,0,0.0,0,0.0,0,0.0,0,0.0,0,0.0,0,0.0
39117,5,459,75,0,2022,A,,3,21,337397,86172,1195,307,15940,,0.34,0.4,0.3,0.22,0.16,0.74,0.74,N,3,100.0,0,0.0,0,0.0,0,0.0,0,0.0,0,0.0,0,0.0
39117,5,4595,76,0,2022,A,N,2,0,0,0,0,0,0,N,2.24,0.0,0.0,0.0,0.0,0.0,0.0,N,2,100.0,0,0.0,0,0.0,0,0.0,0,0.0,0,0.0,0,0.0
39117,5,45951,77,0,2022,A,N,2,0,0,0,0,0,0,N,2.24,0.0,0.0,0.0,0.0,0.0,0.0,N,2,100.0,0,0.0,0,0.0,0,0.0,0,0.0,0,0.0,0,0.0
39117,5,459510,78,0,2022,A,N,2,0,0,0,0,0,0,N,2.24,0.0,0.0,0.0,0.0,0.0,0.0,N,2,100.0,0,0.0,0,0.0,0,0.0,0,0.0,0,0.0,0,0.0
39117,5,4599,76,0,2022,A,N,1,0,0,0,0,0,0,N,0.29,0.0,0.0,0.0,0.0,0.0,0.0,N,1,100.0,0,0.0,0,0.0,0,0.0,0,0.0,0,0.0,0,0.0
39117,5,45999,77,0,2022,A,N,1,0,0,0,0,0,0,N,0.38,0.0,0.0,0.0,0.0,0.0,0.0,N,1,100.0,0,0.0,0,0.0,0,0.0,0,0.0,0,0.0,0,0.0
39117,5,459999,78,0,2022,A,N,1,0,0,0,0,0,0,N,0.61,0.0,0.0,0.0,0.0,0.0,0.0,N,1,100.0,0,0.0,0,0.0,0,0.0,0,0.0,0,0.0,0,0.0
39117,5,48-49,74,0,2022,A,N,16,0,0,0,0,0,0,N,1.08,0.0,0.0,0.0,0.0,0.0,0.0,N,2,14.3,0,0.0,0,0.0,0,0.0,0,0.0,0,0.0,0,0.0
39117,5,484,75,0,2022,A,,13,42,2305721,523512,13081,1045,54359,,1.56,0.78,1.11,0.93,1.13,1.41,1.41,,1,8.3,5,13.5,314938,15.8,76519,17.1,4467,51.9,10,1.0,554,1.0
39117,5,4841,76,0,2022,A,,7,20,1330890,268924,7571,1290,67104,,1.22,0.53,0.9,0.68,1.0,1.74,1.74,,1,16.7,4,25.0,434813,48.5,72812,37.1,3609,91.1,240,22.9,12521,22.9
39117,5,48411,77,0,2022,A,,3,10,551530,126024,5482,1018,52947,,1.33,0.98,1.53,1.2,2.07,1.49,1.49,N,0,0.0,0,0.0,0,0.0,0,0.0,0,0.0,0,0.0,0,0.0
39117,5,484110,78,0,2022,A,,3,10,551530,126024,5482,1018,52947,,1.33,0.98,1.53,1.2,2.07,1.49,1.49,N,0,0.0,0,0.0,0,0.0,0,0.0,0,0.0,0,0.0,0,0.0
39117,5,48412,77,0,2022,A,,4,9,779360,142900,2089,1592,82764,,1.15,0.32,0.7,0.49,0.43,2.08,2.08,N,0,0.0,0,0.0,0,0.0,0,0.0,0,0.0,0,0.0,0,0.0
39117,5,484121,78,0,2022,A,,4,9,779360,142900,2089,1592,82764,,1.39,0.49,1.09,0.73,0.64,2.13,2.13,N,0,0.0,0,0.0,0,0.0,0,0.0,0,0.0,0,0.0,0,0.0
39117,5,4842,76,0,2022,A,,6,23,974831,254588,5510,830,43166,,2.32,1.46,1.62,1.53,1.38,1.13,1.13,,0,0.0,2,9.5,-119875,-11.0,3707,1.5,858,18.4,-193,-18.9,-10018,-18.8
39117,5,48422,77,0,2022,A,,6,23,974831,254588,5510,830,43166,,4.0,3.01,3.3,3.04,2.37,1.12,1.12,,0,0.0,2,9.5,-119875,-11.0,3707,1.5,858,18.4,-193,-18.9,-10018,-18.8
39117,5,484220,78,0,2022,A,,6,23,974831,254588,5510,830,43166,,4.0,3.01,3.3,3.04,2.37,1.12,1.12,,0,0.0,2,9.5,-119875,-11.0,3707,1.5,858,18.4,-193,-18.9,-10018,-18.8
39117,5,488,75,0,2022,A,N,2,0,0,0,0,0,0,N,0.77,0.0,0.0,0.0,0.0,0.0,0.0,N,0,0.0,0,0.0,0,0.0,0,0.0,0,0.0,0,0.0,0,0.0
39117,5,4884,76,0,2022,A,N,1,0,0,0,0,0,0,N,1.42,0.0,0.0,0.0,0.0,0.0,0.0,N,0,0.0,0,0.0,0,0.0,0,0.0,0,0.0,0,0.0,0,0.0
39117,5,48841,77,0,2022,A,N,1,0,0,0,0,0,0,N,2.01,0.0,0.0,0.0,0.0,0.0,0.0,N,0,0.0,0,0.0,0,0.0,0,0.0,0,0.0,0,0.0,0,0.0
39117,5,488410,78,0,2022,A,N,1,0,0,0,0,0,0,N,2.01,0.0,0.0,0.0,0.0,0.0,0.0,N,0,0.0,0,0.0,0,0.0,0,0.0,0,0.0,0,0.0,0,0.0
39117,5,4885,76,0,2022,A,N,1,0,0,0,0,0,0,N,0.91,0.0,0.0,0.0,0.0,0.0,0.0,N,0,0.0,0,0.0,0,0.0,0,0.0,0,0.0,0,0.0,0,0.0
39117,5,48851,77,0,2022,A,N,1,0,0,0,0,0,0,N,0.91,0.0,0.0,0.0,0.0,0.0,0.0,N,0,0.0,0,0.0,0,0.0,0,0.0,0,0.0,0,0.0,0,0.0
39117,5,488510,78,0,2022,A,N,1,0,0,0,0,0,0,N,0.91,0.0,0.0,0.0,0.0,0.0,0.0,N,0,0.0,0,0.0,0,0.0,0,0.0,0,0.0,0,0.0,0,0.0
39117,5,493,75,0,2022,A,N,1,0,0,0,0,0,0,N,0.98,0.0,0.0,0.0,0.0,0.0,0.0,N,1,100.0,0,0.0,0,0.0,0,0.0,0,0.0,0,0.0,0,0.0
39117,5,4931,76,0,2022,A,N,1,0,0,0,0,0,0,N,0.98,0.0,0.0,0.0,0.0,0.0,0.0,N,1,100.0,0,0.0,0,0.0,0,0.0,0,0.0,0,0.0,0,0.0
39117,5,49311,77,0,2022,A,N,1,0,0,0,0,0,0,N,1.3,0.0,0.0,0.0,0.0,0.0,0.0,N,1,100.0,0,0.0,0,0.0,0,0.0,0,0.0,0,0.0,0,0.0
39117,5,493110,78,0,2022,A,N,1,0,0,0,0,0,0,N,1.3,0.0,0.0,0.0,0.0,0.0,0.0,N,1,100.0,0,0.0,0,0.0,0,0.0,0,0.0,0,0.0,0,0.0
39117,5,51,74,0,2022,A,,7,10,841499,104988,2321,1566,81435,,0.56,0.1,0.09,0.09,0.08,0.93,0.93,,0,0.0,-1,-9.1,75245,9.8,-2559,-2.4,494,27.0,226,16.9,11776,16.9
39117,5,513,75,0,2022,A,,4,5,224813,54150,1379,961,49958,,0.79,0.16,0.07,0.13,0.16,0.52,0.52,N,4,100.0,0,0.0,0,0.0,0,0.0,0,0.0,0,0.0,0,0.0
39117,5,5131,76,0,2022,A,N,1,0,0,0,0,0,0,N,0.69,0.0,0.0,0.0,0.0,0.0,0.0,N,1,100.0,0,0.0,0,0.0,0,0.0,0,0.0,0,0.0,0,0.0
39117,5,51311,77,0,2022,A,N,1,0,0,0,0,0,0,N,2.84,0.0,0.0,0.0,0.0,0.0,0.0,N,1,100.0,0,0.0,0,0.0,0,0.0,0,0.0,0,0.0,0,0.0
39117,5,513110,78,0,2022,A,N,1,0,0,0,0,0,0,N,2.84,0.0,0.0,0.0,0.0,0.0,0.0,N,1,100.0,0,0.0,0,0.0,0,0.0,0,0.0,0,0.0,0,0.0
39117,5,5132,76,0,2022,A,N,3,0,0,0,0,0,0,N,0.84,0.0,0.0,0.0,0.0,0.0,0.0,N,3,100.0,0,0.0,0,0.0,0,0.0,0,0.0,0,0.0,0,0.0
39117,5,51321,77,0,2022,A,N,3,0,0,0,0,0,0,N,0.84,0.0,0.0,0.0,0.0,0.0,0.0,N,3,100.0,0,0.0,0,0.0,0,0.0,0,0.0,0,0.0,0,0.0
39117,5,513210,78,0,2022,A,N,3,0,0,0,0,0,0,N,0.84,0.0,0.0,0.0,0.0,0.0,0.0,N,3,100.0,0,0.0,0,0.0,0,0.0,0,0.0,0,0.0,0,0.0
39117,5,516,75,0,2022,A,N,1,0,0,0,0,0,0,N,1.11,0.0,0.0,0.0,0.0,0.0,0.0,N,1,100.0,0,0.0,0,0.0,0,0.0,0,0.0,0,0.0,0,0.0
39117,5,5162,76,0,2022,A,N,1,0,0,0,0,0,0,N,1.61,0.0,0.0,0.0,0.0,0.0,0.0,N,1,100.0,0,0.0,0,0.0,0,0.0,0,0.0,0,0.0,0,0.0
39117,5,51621,77,0,2022,A,N,1,0,0,0,0,0,0,N,1.61,0.0,0.0,0.0,0.0,0.0,0.0,N,1,100.0,0,0.0,0,0.0,0,0.0,0,0.0,0,0.0,0,0.0
39117,5,516210,78,0,2022,A,N,1,0,0,0,0,0,0,N,1.61,0.0,0.0,0.0,0.0,0.0,0.0,N,1,100.0,0,0.0,0,0.0,0,0.0,0,0.0,0,0.0,0,0.0
39117,5,517,75,0,2022,A,N,1,0,0,0,0,0,0,N,0.56,0.0,0.0,0.0,0.0,0.0,0.0,N,-1,-50.0,0,0.0,0,0.0,0,0.0,0,0.0,0,0.0,0,0.0
39117,5,5171,76,0,2022,A,N,1,0,0,0,0,0,0,N,0.67,0.0,0.0,0.0,0.0,0.0,0.0,N,1,100.0,0,0.0,0,0.0,0,0.0,0,0.0,0,0.0,0,0.0
39117,5,51711,77,0,2022,A,N,1,0,0,0,0,0,0,N,0.78,0.0,0.0,0.0,0.0,0.0,0.0,N,1,100.0,0,0.0,0,0.0,0,0.0,0,0.0,0,0.0,0,0.0
39117,5,517111,78,0,2022,A,N,1,0,0,0,0,0,0,N,1.04,0.0,0.0,0.0,0.0,0.0,0.0,N,1,100.0,0,0.0,0,0.0,0,0.0,0,0.0,0,0.0,0,0.0
39117,5,518,75,0,2022,A,N,1,0,0,0,0,0,0,N,0.45,0.0,0.0,0.0,0.0,0.0,0.0,N,0,0.0,0,0.0,0,0.0,0,0.0,0,0.0,0,0.0,0,0.0
39117,5,5182,76,0,2022,A,N,1,0,0,0,0,0,0,N,0.45,0.0,0.0,0.0,0.0,0.0,0.0,N,0,0.0,0,0.0,0,0.0,0,0.0,0,0.0,0,0.0,0,0.0
39117,5,51821,77,0,2022,A,N,1,0,0,0,0,0,0,N,0.45,0.0,0.0,0.0,0.0,0.0,0.0,N,0,0.0,0,0.0,0,0.0,0,0.0,0,0.0,0,0.0,0,0.0
39117,5,518210,78,0,2022,A,N,1,0,0,0,0,0,0,N,0.45,0.0,0.0,0.0,0.0,0.0,0.0,N,0,0.0,0,0.0,0,0.0,0,0.0,0,0.0,0,0.0,0,0.0
39117,5,52,74,0,2022,A,,23,70,3677929,587245,10648,1018,52920,,0.86,0.33,0.21,0.28,0.26,0.66,0.66,,2,9.5,-4,-5.4,-98162,-2.6,-13776,-2.3,-497,-4.5,31,3.1,1603,3.1
39117,5,521,75,0,2022,A,N,1,0,0,0,0,0,0,N,24.35,0.0,0.0,0.0,0.0,0.0,0.0,N,0,0.0,0,0.0,0,0.0,0,0.0,0,0.0,0,0.0,0,0.0
39117,5,5211,76,0,2022,A,N,1,0,0,0,0,0,0,N,24.35,0.0,0.0,0.0,0.0,0.0,0.0,N,0,0.0,0,0.0,0,0.0,0,0.0,0,0.0,0,0.0,0,0.0
39117,5,52111,77,0,2022,A,N,1,0,0,0,0,0,0,N,24.35,0.0,0.0,0.0,0.0,0.0,0.0,N,0,0.0,0,0.0,0,0.0,0,0.0,0,0.0,0,0.0,0,0.0
39117,5,521110,78,0,2022,A,N,1,0,0,0,0,0,0,N,24.35,0.0,0.0,0.0,0.0,0.0,0.0,N,0,0.0,0,0.0,0,0.0,0,0.0,0,0.0,0,0.0,0,0.0
39117,5,522,75,0,2022,A,,9,45,2402248,344680,6331,1017,52894,,0.97,0.49,0.4,0.39,0.38,0.82,0.82,,0,0.0,-5,-10.0,-33861,-1.4,-27278,-7.3,-870,-12.1,74,7.8,3845,7.8
39117,5,5221,76,0,2022,A,N,7,0,0,0,0,0,0,N,1.37,0.0,0.0,0.0,0.0,0.0,0.0,N,0,0.0,0,0.0,0,0.0,0,0.0,0,0.0,0,0.0,0,0.0
39117,5,52211,77,0,2022,A,,4,27,1472183,169449,2067,1052,54694,,1.04,0.57,0.47,0.38,0.27,0.83,0.83,,0,0.0,-3,-10.0,26806,1.9,-6288,-3.6,-436,-17.4,115,12.3,5973,12.3
39117,5,522110,78,0,2022,A,,4,27,1472183,169449,2067,1052,54694,,1.04,0.57,0.47,0.38,0.27,0.83,0.83,,0,0.0,-3,-10.0,26806,1.9,-6288,-3.6,-436,-17.4,115,12.3,5973,12.3
39117,5,52213,77,0,2022,A,N,1,0,0,0,0,0,0,N,1.12,0.0,0.0,0.0,0.0,0.0,0.0,N,0,0.0,0,0.0,0,0.0,0,0.0,0,0.0,0,0.0,0,0.0
39117,5,522130,78,0,2022,A,N,1,0,0,0,0,0,0,N,1.12,0.0,0.0,0.0,0.0,0.0,0.0,N,0,0.0,0,0.0,0,0.0,0,0.0,0,0.0,0,0.0,0,0.0
39117,5,52218,77,0,2022,A,N,2,0,0,0,0,0,0,N,5.41,0.0,0.0,0.0,0.0,0.0,0.0,N,2,100.0,0,0.0,0,0.0,0,0.0,0,0.0,0,0.0,0,0.0
39117,5,522180,78,0,2022,A,N,2,0,0,0,0,0,0,N,5.41,0.0,0.0,0.0,0.0,0.0,0.0,N,2,100.0,0,0.0,0,0.0,0,0.0,0,0.0,0,0.0,0,0.0
39117,5,5222,76,0,2022,A,N,2,0,0,0,0,0,0,N,0.79,0.0,0.0,0.0,0.0,0.0,0.0,N,0,0.0,0,0.0,0,0.0,0,0.0,0,0.0,0,0.0,0,0.0
39117,5,52222,77,0,2022,A,N,1,0,0,0,0,0,0,N,3.29,0.0,0.0,0.0,0.0,0.0,0.0,N,0,0.0,0,0.0,0,0.0,0,0.0,0,0.0,0,0.0,0,0.0
39117,5,522220,78,0,2022,A,N,1,0,0,0,0,0,0,N,3.29,0.0,0.0,0.0,0.0,0.0,0.0,N,0,0.0,0,0.0,0,0.0,0,0.0,0,0.0,0,0.0,0,0.0
39117,5,52229,77,0,2022,A,N,1,0,0,0,0,0,0,N,0.46,0.0,0.0,0.0,0.0,0.0,0.0,N,0,0.0,0,0.0,0,0.0,0,0.0,0,0.0,0,0.0,0,0.0
39117,5,522299,78,0,2022,A,N,1,0,0,0,0,0,0,N,1.95,0.0,0.0,0.0,0.0,0.0,0.0,N,1,100.0,0,0.0,0,0.0,0,0.0,0,0.0,0,0.0,0,0.0
39117,5,523,75,0,2022,A,N,2,0,0,0,0,0,0,N,0.3,0.0,0.0,0.0,0.0,0.0,0.0,N,1,100.0,0,0.0,0,0.0,0,0.0,0,0.0,0,0.0,0,0.0
39117,5,5231,76,0,2022,A,N,2,0,0,0,0,0,0,N,0.98,0.0,0.0,0.0,0.0,0.0,0.0,N,1,100.0,0,0.0,0,0.0,0,0.0,0,0.0,0,0.0,0,0.0
39117,5,52315,77,0,2022,A,N,1,0,0,0,0,0,0,N,0.53,0.0,0.0,0.0,0.0,0.0,0.0,N,1,100.0,0,0.0,0,0.0,0,0.0,0,0.0,0,0.0,0,0.0
39117,5,523150,78,0,2022,A,N,1,0,0,0,0,0,0,N,0.53,0.0,0.0,0.0,0.0,0.0,0.0,N,1,100.0,0,0.0,0,0.0,0,0.0,0,0.0,0,0.0,0,0.0
39117,5,52316,77,0,2022,A,N,1,0,0,0,0,0,0,N,5.96,0.0,0.0,0.0,0.0,0.0,0.0,N,1,100.0,0,0.0,0,0.0,0,0.0,0,0.0,0,0.0,0,0.0
39117,5,523160,78,0,2022,A,N,1,0,0,0,0,0,0,N,5.96,0.0,0.0,0.0,0.0,0.0,0.0,N,1,100.0,0,0.0,0,0.0,0,0.0,0,0.0,0,0.0,0,0.0
39117,5,524,75,0,2022,A,,11,20,996789,222802,3918,951,49428,,1.06,0.23,0.19,0.27,0.25,0.81,0.81,,1,10.0,0,0.0,-45891,-4.4,13009,6.2,391,11.1,-52,-5.2,-2706,-5.2
39117,5,5242,76,0,2022,A,,11,20,996789,222802,3918,951,49428,,1.26,0.45,0.4,0.52,0.47,0.88,0.88,,1,10.0,0,0.0,-45891,-4.4,13009,6.2,391,11.1,-52,-5.2,-2706,-5.2
39117,5,52421,77,0,2022,A,N,10,0,0,0,0,0,0,N,1.34,0.0,0.0,0.0,0.0,0.0,0.0,N,1,11.1,0,0.0,0,0.0,0,0.0,0,0.0,0,0.0,0,0.0
39117,5,524210,78,0,2022,A,N,10,0,0,0,0,0,0,N,1.34,0.0,0.0,0.0,0.0,0.0,0.0,N,1,11.1,0,0.0,0,0.0,0,0.0,0,0.0,0,0.0,0,0.0
39117,5,52429,77,0,2022,A,N,1,0,0,0,0,0,0,N,0.79,0.0,0.0,0.0,0.0,0.0,0.0,N,0,0.0,0,0.0,0,0.0,0,0.0,0,0.0,0,0.0,0,0.0
39117,5,524298,78,0,2022,A,N,1,0,0,0,0,0,0,N,2.12,0.0,0.0,0.0,0.0,0.0,0.0,N,0,0.0,0,0.0,0,0.0,0,0.0,0,0.0,0,0.0,0,0.0
39117,5,53,74,0,2022,A,,16,42,1847691,551177,8227,851,44256,,0.71,0.52,0.52,0.73,0.47,1.0,1.0,,-1,-5.9,2,5.0,41643,2.3,57962,11.8,1445,21.3,-19,-2.2,-989,-2.2
39117,5,531,75,0,2022,A,N,15,0,0,0,0,0,0,N,0.76,0.0,0.0,0.0,0.0,0.0,0.0,N,-1,-6.2,0,0.0,0,0.0,0,0.0,0,0.0,0,0.0,0,0.0
39117,5,5311,76,0,2022,A,N,4,0,0,0,0,0,0,N,0.7,0.0,0.0,0.0,0.0,0.0,0.0,N,-1,-20.0,0,0.0,0,0.0,0,0.0,0,0.0,0,0.0,0,0.0
39117,5,53111,77,0,2022,A,,3,4,131855,44999,684,647,33665,,0.96,0.32,0.3,0.41,0.26,0.94,0.94,N,-1,-25.0,0,0.0,0,0.0,0,0.0,0,0.0,0,0.0,0,0.0
39117,5,531110,78,0,2022,A,,3,4,131855,44999,684,647,33665,,0.96,0.32,0.3,0.41,0.26,0.94,0.94,N,-1,-25.0,0,0.0,0,0.0,0,0.0,0,0.0,0,0.0,0,0.0
39117,5,53112,77,0,2022,A,N,1,0,0,0,0,0,0,N,0.78,0.0,0.0,0.0,0.0,0.0,0.0,N,0,0.0,0,0.0,0,0.0,0,0.0,0,0.0,0,0.0,0,0.0
39117,5,531120,78,0,2022,A,N,1,0,0,0,0,0,0,N,0.78,0.0,0.0,0.0,0.0,0.0,0.0,N,0,0.0,0,0.0,0,0.0,0,0.0,0,0.0,0,0.0,0,0.0
39117,5,5312,76,0,2022,A,,3,6,209994,46677,544,692,35999,,0.4,0.47,0.31,0.37,0.2,0.68,0.68,N,1,50.0,0,0.0,0,0.0,0,0.0,0,0.0,0,0.0,0,0.0
39117,5,53121,77,0,2022,A,,3,6,209994,46677,544,692,35999,,0.4,0.47,0.31,0.37,0.2,0.68,0.68,N,1,50.0,0,0.0,0,0.0,0,0.0,0,0.0,0,0.0,0,0.0
39117,5,531210,78,0,2022,A,,3,6,209994,46677,544,692,35999,,0.4,0.47,0.31,0.37,0.2,0.68,0.68,N,1,50.0,0,0.0,0,0.0,0,0.0,0,0.0,0,0.0,0,0.0
39117,5,5313,76,0,2022,A,,8,21,958325,311410,5108,864,44921,,1.24,0.77,0.79,1.2,0.85,1.01,1.01,,-1,-11.1,-1,-4.5,-36805,-3.7,19309,6.6,986,23.9,-6,-0.7,-312,-0.7
39117,5,53131,77,0,2022,A,N,7,0,0,0,0,0,0,N,1.56,0.0,0.0,0.0,0.0,0.0,0.0,N,-1,-12.5,0,0.0,0,0.0,0,0.0,0,0.0,0,0.0,0,0.0
39117,5,531311,78,0,2022,A,,4,14,552531,188855,1889,764,39703,,1.18,0.81,0.89,1.15,0.49,1.12,1.11,,-1,-20.0,-5,-26.3,-115278,-17.3,-35901,-16.0,-414,-18.0,73,10.6,3767,10.5
39117,5,531312,78,0,2022,A,N,3,0,0,0,0,0,0,N,2.77,0.0,0.0,0.0,0.0,0.0,0.0,N,0,0.0,0,0.0,0,0.0,0,0.0,0,0.0,0,0.0,0,0.0
39117,5,53139,77,0,2022,A,N,1,0,0,0,0,0,0,N,0.77,0.0,0.0,0.0,0.0,0.0,0.0,N,0,0.0,0,0.0,0,0.0,0,0.0,0,0.0,0,0.0,0,0.0
39117,5,531390,78,0,2022,A,N,1,0,0,0,0,0,0,N,0.77,0.0,0.0,0.0,0.0,0.0,0.0,N,0,0.0,0,0.0,0,0.0,0,0.0,0,0.0,0,0.0,0,0.0
39117,5,532,75,0,2022,A,N,1,0,0,0,0,0,0,N,0.37,0.0,0.0,0.0,0.0,0.0,0.0,N,0,0.0,0,0.0,0,0.0,0,0.0,0,0.0,0,0.0,0,0.0
39117,5,5324,76,0,2022,A,N,1,0,0,0,0,0,0,N,1.19,0.0,0.0,0.0,0.0,0.0,0.0,N,0,0.0,0,0.0,0,0.0,0,0.0,0,0.0,0,0.0,0,0.0
39117,5,53249,77,0,2022,A,N,1,0,0,0,0,0,0,N,2.38,0.0,0.0,0.0,0.0,0.0,0.0,N,0,0.0,0,0.0,0,0.0,0,0.0,0,0.0,0,0.0,0,0.0
39117,5,532490,78,0,2022,A,N,1,0,0,0,0,0,0,N,2.38,0.0,0.0,0.0,0.0,0.0,0.0,N,0,0.0,0,0.0,0,0.0,0,0.0,0,0.0,0,0.0,0,0.0
39117,5,54,74,0,2022,A,N,35,0,0,0,0,0,0,N,0.47,0.0,0.0,0.0,0.0,0.0,0.0,N,1,2.9,0,0.0,0,0.0,0,0.0,0,0.0,0,0.0,0,0.0
39117,5,541,75,0,2022,A,N,35,0,0,0,0,0,0,N,0.47,0.0,0.0,0.0,0.0,0.0,0.0,N,1,2.9,0,0.0,0,0.0,0,0.0,0,0.0,0,0.0,0,0.0
39117,5,5411,76,0,2022,A,,6,9,244237,88187,1466,499,25937,,0.62,0.22,0.08,0.24,0.21,0.36,0.36,,0,0.0,0,0.0,-6131,-2.4,1072,1.2,-167,-10.2,-12,-2.3,-651,-2.4
39117,5,54111,77,0,2022,A,N,5,0,0,0,0,0,0,N,0.57,0.0,0.0,0.0,0.0,0.0,0.0,N,0,0.0,0,0.0,0,0.0,0,0.0,0,0.0,0,0.0,0,0.0
39117,5,541110,78,0,2022,A,N,5,0,0,0,0,0,0,N,0.57,0.0,0.0,0.0,0.0,0.0,0.0,N,0,0.0,0,0.0,0,0.0,0,0.0,0,0.0,0,0.0,0,0.0
39117,5,54119,77,0,2022,A,N,1,0,0,0,0,0,0,N,1.12,0.0,0.0,0.0,0.0,0.0,0.0,N,0,0.0,0,0.0,0,0.0,0,0.0,0,0.0,0,0.0,0,0.0
39117,5,541191,78,0,2022,A,N,1,0,0,0,0,0,0,N,2.1,0.0,0.0,0.0,0.0,0.0,0.0,N,0,0.0,0,0.0,0,0.0,0,0.0,0,0.0,0,0.0,0,0.0
39117,5,5412,76,0,2022,A,,8,25,1049873,279768,6031,797,41442,,0.98,0.65,0.49,0.75,0.71,0.75,0.75,,1,14.3,2,8.7,33152,3.3,759,0.3,686,12.8,-56,-6.6,-2924,-6.6
39117,5,54121,77,0,2022,A,,8,25,1049873,279768,6031,797,41442,,0.98,0.65,0.49,0.75,0.71,0.75,0.75,,1,14.3,2,8.7,33152,3.3,759,0.3,686,12.8,-56,-6.6,-2924,-6.6
39117,5,541211,78,0,2022,A,,3,13,455049,126914,2417,682,35458,,1.04,0.71,0.38,0.69,0.76,0.54,0.54,,0,0.0,1,8.3,51670,12.8,6142,5.1,801,49.6,22,3.3,1128,3.3
39117,5,541213,78,0,2022,A,N,2,0,0,0,0,0,0,N,1.16,0.0,0.0,0.0,0.0,0.0,0.0,N,0,0.0,0,0.0,0,0.0,0,0.0,0,0.0,0,0.0,0,0.0
39117,5,541219,78,0,2022,A,N,3,0,0,0,0,0,0,N,0.99,0.0,0.0,0.0,0.0,0.0,0.0,N,1,50.0,0,0.0,0,0.0,0,0.0,0,0.0,0,0.0,0,0.0
39117,5,5413,76,0,2022,A,N,2,0,0,0,0,0,0,N,0.26,0.0,0.0,0.0,0.0,0.0,0.0,N,0,0.0,0,0.0,0,0.0,0,0.0,0,0.0,0,0.0,0,0.0
39117,5,54132,77,0,2022,A,N,1,0,0,0,0,0,0,N,2.84,0.0,0.0,0.0,0.0,0.0,0.0,N,0,0.0,0,0.0,0,0.0,0,0.0,0,0.0,0,0.0,0,0.0
39117,5,541320,78,0,2022,A,N,1,0,0,0,0,0,0,N,2.84,0.0,0.0,0.0,0.0,0.0,0.0,N,0,0.0,0,0.0,0,0.0,0,0.0,0,0.0,0,0.0,0,0.0
39117,5,54134,77,0,2022,A,N,1,0,0,0,0,0,0,N,6.17,0.0,0.0,0.0,0.0,0.0,0.0,N,0,0.0,0,0.0,0,0.0,0,0.0,0,0.0,0,0.0,0,0.0
39117,5,541340,78,0,2022,A,N,1,0,0,0,0,0,0,N,6.17,0.0,0.0,0.0,0.0,0.0,0.0,N,0,0.0,0,0.0,0,0.0,0,0.0,0,0.0,0,0.0,0,0.0
39117,5,5414,76,0,2022,A,N,1,0,0,0,0,0,0,N,0.46,0.0,0.0,0.0,0.0,0.0,0.0,N,0,0.0,0,0.0,0,0.0,0,0.0,0,0.0,0,0.0,0,0.0
39117,5,54142,77,0,2022,A,N,1,0,0,0,0,0,0,N,7.65,0.0,0.0,0.0,0.0,0.0,0.0,N,0,0.0,0,0.0,0,0.0,0,0.0,0,0.0,0,0.0,0,0.0
39117,5,541420,78,0,2022,A,N,1,0,0,0,0,0,0,N,7.65,0.0,0.0,0.0,0.0,0.0,0.0,N,0,0.0,0,0.0,0,0.0,0,0.0,0,0.0,0,0.0,0,0.0
39117,5,5415,76,0,2022,A,,8,7,831156,131864,2807,2205,114642,,0.44,0.08,0.11,0.15,0.13,1.34,1.34,,1,14.3,0,0.0,116272,16.3,41864,46.5,701,33.3,143,6.9,7409,6.9
39117,5,54151,77,0,2022,A,,8,7,831156,131864,2807,2205,114642,,0.44,0.08,0.11,0.15,0.13,1.34,1.34,,1,14.3,0,0.0,116272,16.3,41864,46.5,701,33.3,143,6.9,7409,6.9
39117,5,541511,78,0,2022,A,N,7,0,0,0,0,0,0,N,0.82,0.0,0.0,0.0,0.0,0.0,0.0,N,0,0.0,0,0.0,0,0.0,0,0.0,0,0.0,0,0.0,0,0.0
39117,5,541512,78,0,2022,A,N,1,0,0,0,0,0,0,N,0.13,0.0,0.0,0.0,0.0,0.0,0.0,N,1,100.0,0,0.0,0,0.0,0,0.0,0,0.0,0,0.0,0,0.0
39117,5,5416,76,0,2022,A,,4,6,446050,63001,2286,1470,76466,,0.23,0.1,0.1,0.1,0.15,1.11,1.11,N,-1,-20.0,0,0.0,0,0.0,0,0.0,0,0.0,0,0.0,0,0.0
39117,5,54161,77,0,2022,A,,4,6,446050,63001,2286,1470,76466,,0.28,0.12,0.12,0.12,0.18,1.09,1.09,N,-1,-20.0,0,0.0,0,0.0,0,0.0,0,0.0,0,0.0,0,0.0
39117,5,541611,78,0,2022,A,N,1,0,0,0,0,0,0,N,0.14,0.0,0.0,0.0,0.0,0.0,0.0,N,0,0.0,0,0.0,0,0.0,0,0.0,0,0.0,0,0.0,0,0.0
39117,5,541612,78,0,2022,A,N,1,0,0,0,0,0,0,N,1.41,0.0,0.0,0.0,0.0,0.0,0.0,N,0,0.0,0,0.0,0,0.0,0,0.0,0,0.0,0,0.0,0,0.0
39117,5,541614,78,0,2022,A,N,1,0,0,0,0,0,0,N,1.13,0.0,0.0,0.0,0.0,0.0,0.0,N,-1,-50.0,0,0.0,0,0.0,0,0.0,0,0.0,0,0.0,0,0.0
39117,5,541618,78,0,2022,A,N,1,0,0,0,0,0,0,N,0.67,0.0,0.0,0.0,0.0,0.0,0.0,N,0,0.0,0,0.0,0,0.0,0,0.0,0,0.0,0,0.0,0,0.0
39117,5,5418,76,0,2022,A,N,1,0,0,0,0,0,0,N,0.29,0.0,0.0,0.0,0.0,0.0,0.0,N,0,0.0,0,0.0,0,0.0,0,0.0,0,0.0,0,0.0,0,0.0
39117,5,54184,77,0,2022,A,N,1,0,0,0,0,0,0,N,5.42,0.0,0.0,0.0,0.0,0.0,0.0,N,0,0.0,0,0.0,0,0.0,0,0.0,0,0.0,0,0.0,0,0.0
39117,5,541840,78,0,2022,A,N,1,0,0,0,0,0,0,N,5.42,0.0,0.0,0.0,0.0,0.0,0.0,N,0,0.0,0,0.0,0,0.0,0,0.0,0,0.0,0,0.0,0,0.0
39117,5,5419,76,0,2022,A,,5,24,958257,246412,4771,781,40633,,0.85,0.83,0.8,0.92,0.86,0.98,0.98,,-1,-16.7,-2,-7.7,-69743,-6.8,-42328,-14.7,556,13.2,23,3.0,1221,3.1
39117,5,54192,77,0,2022,A,N,1,0,0,0,0,0,0,N,1.36,0.0,0.0,0.0,0.0,0.0,0.0,N,0,0.0,0,0.0,0,0.0,0,0.0,0,0.0,0,0.0,0,0.0
39117,5,541921,78,0,2022,A,N,1,0,0,0,0,0,0,N,1.89,0.0,0.0,0.0,0.0,0.0,0.0,N,0,0.0,0,0.0,0,0.0,0,0.0,0,0.0,0,0.0,0,0.0
39117,5,54194,77,0,2022,A,N,4,0,0,0,0,0,0,N,2.46,0.0,0.0,0.0,0.0,0.0,0.0,N,-1,-20.0,0,0.0,0,0.0,0,0.0,0,0.0,0,0.0,0,0.0
39117,5,541940,78,0,2022,A,N,4,0,0,0,0,0,0,N,2.46,0.0,0.0,0.0,0.0,0.0,0.0,N,-1,-20.0,0,0.0,0,0.0,0,0.0,0,0.0,0,0.0,0,0.0
39117,5,55,74,0,2022,A,N,1,0,0,0,0,0,0,N,0.24,0.0,0.0,0.0,0.0,0.0,0.0,N,0,0.0,0,0.0,0,0.0,0,0.0,0,0.0,0,0.0,0,0.0
39117,5,551,75,0,2022,A,N,1,0,0,0,0,0,0,N,0.24,0.0,0.0,0.0,0.0,0.0,0.0,N,0,0.0,0,0.0,0,0.0,0,0.0,0,0.0,0,0.0,0,0.0
39117,5,5511,76,0,2022,A,N,1,0,0,0,0,0,0,N,0.24,0.0,0.0,0.0,0.0,0.0,0.0,N,0,0.0,0,0.0,0,0.0,0,0.0,0,0.0,0,0.0,0,0.0
39117,5,55111,77,0,2022,A,N,1,0,0,0,0,0,0,N,0.24,0.0,0.0,0.0,0.0,0.0,0.0,N,0,0.0,0,0.0,0,0.0,0,0.0,0,0.0,0,0.0,0,0.0
39117,5,551114,78,0,2022,A,N,1,0,0,0,0,0,0,N,0.28,0.0,0.0,0.0,0.0,0.0,0.0,N,0,0.0,0,0.0,0,0.0,0,0.0,0,0.0,0,0.0,0,0.0
39117,5,56,74,0,2022,A,,36,181,6864433,2410216,69748,730,37960,,1.15,0.55,0.64,0.72,0.78,1.16,1.16,,1,2.9,-33,-15.4,-1016661,-12.9,-363656,-13.1,-32215,-31.6,22,3.1,1132,3.1
39117,5,561,75,0,2022,A,,29,131,4884257,1896052,60989,718,37332,,0.97,0.42,0.49,0.6,0.71,1.16,1.16,,1,3.6,-24,-15.5,-708257,-12.7,-230405,-10.8,-28395,-31.8,25,3.6,1290,3.6
39117,5,5611,76,0,2022,A,N,2,0,0,0,0,0,0,N,0.58,0.0,0.0,0.0,0.0,0.0,0.0,N,1,100.0,0,0.0,0,0.0,0,0.0,0,0.0,0,0.0,0,0.0
39117,5,56111,77,0,2022,A,N,2,0,0,0,0,0,0,N,0.58,0.0,0.0,0.0,0.0,0.0,0.0,N,1,100.0,0,0.0,0,0.0,0,0.0,0,0.0,0,0.0,0,0.0
39117,5,561110,78,0,2022,A,N,2,0,0,0,0,0,0,N,0.58,0.0,0.0,0.0,0.0,0.0,0.0,N,1,100.0,0,0.0,0,0.0,0,0.0,0,0.0,0,0.0,0,0.0
39117,5,5613,76,0,2022,A,N,5,0,0,0,0,0,0,N,0.7,0.0,0.0,0.0,0.0,0.0,0.0,N,0,0.0,0,0.0,0,0.0,0,0.0,0,0.0,0,0.0,0,0.0
39117,5,56131,77,0,2022,A,N,3,0,0,0,0,0,0,N,1.92,0.0,0.0,0.0,0.0,0.0,0.0,N,0,0.0,0,0.0,0,0.0,0,0.0,0,0.0,0,0.0,0,0.0
39117,5,561311,78,0,2022,A,N,1,0,0,0,0,0,0,N,0.89,0.0,0.0,0.0,0.0,0.0,0.0,N,0,0.0,0,0.0,0,0.0,0,0.0,0,0.0,0,0.0,0,0.0
39117,5,561312,78,0,2022,A,N,2,0,0,0,0,0,0,N,4.58,0.0,0.0,0.0,0.0,0.0,0.0,N,0,0.0,0,0.0,0,0.0,0,0.0,0,0.0,0,0.0,0,0.0
39117,5,56132,77,0,2022,A,N,1,0,0,0,0,0,0,N,0.22,0.0,0.0,0.0,0.0,0.0,0.0,N,0,0.0,0,0.0,0,0.0,0,0.0,0,0.0,0,0.0,0,0.0
39117,5,561320,78,0,2022,A,N,1,0,0,0,0,0,0,N,0.22,0.0,0.0,0.0,0.0,0.0,0.0,N,0,0.0,0,0.0,0,0.0,0,0.0,0,0.0,0,0.0,0,0.0
39117,5,56133,77,0,2022,A,N,0,0,0,0,0,0,0,N,0.0,0.0,0.0,0.0,0.0,0.0,0.0,N,-1,-100.0,0,0.0,0,0.0,0,0.0,0,0.0,0,0.0,0,0.0
39117,5,561330,78,0,2022,A,N,0,0,0,0,0,0,0,N,0.0,0.0,0.0,0.0,0.0,0.0,0.0,N,-1,-100.0,0,0.0,0,0.0,0,0.0,0,0.0,0,0.0,0,0.0
39117,5,5614,76,0,2022,A,N,2,0,0,0,0,0,0,N,0.71,0.0,0.0,0.0,0.0,0.0,0.0,N,0,0.0,0,0.0,0,0.0,0,0.0,0,0.0,0,0.0,0,0.0
39117,5,56141,77,0,2022,A,N,1,0,0,0,0,0,0,N,2.67,0.0,0.0,0.0,0.0,0.0,0.0,N,0,0.0,0,0.0,0,0.0,0,0.0,0,0.0,0,0.0,0,0.0
39117,5,561410,78,0,2022,A,N,1,0,0,0,0,0,0,N,2.67,0.0,0.0,0.0,0.0,0.0,0.0,N,0,0.0,0,0.0,0,0.0,0,0.0,0,0.0,0,0.0,0,0.0
39117,5,56149,77,0,2022,A,N,1,0,0,0,0,0,0,N,1.17,0.0,0.0,0.0,0.0,0.0,0.0,N,0,0.0,0,0.0,0,0.0,0,0.0,0,0.0,0,0.0,0,0.0
39117,5,561499,78,0,2022,A,N,1,0,0,0,0,0,0,N,1.51,0.0,0.0,0.0,0.0,0.0,0.0,N,0,0.0,0,0.0,0,0.0,0,0.0,0,0.0,0,0.0,0,0.0
39117,5,5615,76,0,2022,A,N,1,0,0,0,0,0,0,N,0.99,0.0,0.0,0.0,0.0,0.0,0.0,N,0,0.0,0,0.0,0,0.0,0,0.0,0,0.0,0,0.0,0,0.0
39117,5,56159,77,0,2022,A,N,1,0,0,0,0,0,0,N,3.85,0.0,0.0,0.0,0.0,0.0,0.0,N,0,0.0,0,0.0,0,0.0,0,0.0,0,0.0,0,0.0,0,0.0
39117,5,561599,78,0,2022,A,N,1,0,0,0,0,0,0,N,4.72,0.0,0.0,0.0,0.0,0.0,0.0,N,0,0.0,0,0.0,0,0.0,0,0.0,0,0.0,0,0.0,0,0.0
39117,5,5616,76,0,2022,A,N,2,0,0,0,0,0,0,N,1.11,0.0,0.0,0.0,0.0,0.0,0.0,N,-1,-33.3,0,0.0,0,0.0,0,0.0,0,0.0,0,0.0,0,0.0
39117,5,56161,77,0,2022,A,N,1,0,0,0,0,0,0,N,0.92,0.0,0.0,0.0,0.0,0.0,0.0,N,0,0.0,0,0.0,0,0.0,0,0.0,0,0.0,0,0.0,0,0.0
39117,5,561611,78,0,2022,A,N,1,0,0,0,0,0,0,N,3.7,0.0,0.0,0.0,0.0,0.0,0.0,N,0,0.0,0,0.0,0,0.0,0,0.0,0,0.0,0,0.0,0,0.0
39117,5,56162,77,0,2022,A,N,1,0,0,0,0,0,0,N,1.41,0.0,0.0,0.0,0.0,0.0,0.0,N,-1,-50.0,0,0.0,0,0.0,0,0.0,0,0.0,0,0.0,0,0.0
39117,5,561621,78,0,2022,A,N,0,0,0,0,0,0,0,N,0.0,0.0,0.0,0.0,0.0,0.0,0.0,N,-1,-100.0,0,0.0,0,0.0,0,0.0,0,0.0,0,0.0,0,0.0
39117,5,561622,78,0,2022,A,N,1,0,0,0,0,0,0,N,4.95,0.0,0.0,0.0,0.0,0.0,0.0,N,0,0.0,0,0.0,0,0.0,0,0.0,0,0.0,0,0.0,0,0.0
39117,5,5617,76,0,2022,A,,15,63,1924215,771800,27894,586,30463,,1.28,0.83,1.07,1.13,1.47,1.28,1.28,,1,7.1,4,6.8,105881,5.8,24723,3.3,-9862,-26.1,-8,-1.3,-400,-1.3
39117,5,56172,77,0,2022,A,N,2,0,0,0,0,0,0,N,0.52,0.0,0.0,0.0,0.0,0.0,0.0,N,0,0.0,0,0.0,0,0.0,0,0.0,0,0.0,0,0.0,0,0.0
39117,5,561720,78,0,2022,A,N,2,0,0,0,0,0,0,N,0.52,0.0,0.0,0.0,0.0,0.0,0.0,N,0,0.0,0,0.0,0,0.0,0,0.0,0,0.0,0,0.0,0,0.0
39117,5,56173,77,0,2022,A,,11,38,1254347,491752,18351,629,32722,,1.92,1.29,1.53,1.65,1.72,1.18,1.18,,1,10.0,-1,-2.6,-13079,-1.0,-24769,-4.8,-7439,-28.8,11,1.8,567,1.8
39117,5,561730,78,0,2022,A,,11,38,1254347,491752,18351,629,32722,,1.92,1.29,1.53,1.65,1.72,1.18,1.18,,1,10.0,-1,-2.6,-13079,-1.0,-24769,-4.8,-7439,-28.8,11,1.8,567,1.8
39117,5,56174,77,0,2022,A,N,1,0,0,0,0,0,0,N,2.86,0.0,0.0,0.0,0.0,0.0,0.0,N,0,0.0,0,0.0,0,0.0,0,0.0,0,0.0,0,0.0,0,0.0
39117,5,561740,78,0,2022,A,N,1,0,0,0,0,0,0,N,2.86,0.0,0.0,0.0,0.0,0.0,0.0,N,0,0.0,0,0.0,0,0.0,0,0.0,0,0.0,0,0.0,0,0.0
39117,5,56179,77,0,2022,A,N,1,0,0,0,0,0,0,N,1.08,0.0,0.0,0.0,0.0,0.0,0.0,N,0,0.0,0,0.0,0,0.0,0,0.0,0,0.0,0,0.0,0,0.0
39117,5,561790,78,0,2022,A,N,1,0,0,0,0,0,0,N,1.08,0.0,0.0,0.0,0.0,0.0,0.0,N,0,0.0,0,0.0,0,0.0,0,0.0,0,0.0,0,0.0,0,0.0
39117,5,5619,76,0,2022,A,N,2,0,0,0,0,0,0,N,1.31,0.0,0.0,0.0,0.0,0.0,0.0,N,0,0.0,0,0.0,0,0.0,0,0.0,0,0.0,0,0.0,0,0.0
39117,5,56199,77,0,2022,A,N,2,0,0,0,0,0,0,N,1.92,0.0,0.0,0.0,0.0,0.0,0.0,N,0,0.0,0,0.0,0,0.0,0,0.0,0,0.0,0,0.0,0,0.0
39117,5,561990,78,0,2022,A,N,2,0,0,0,0,0,0,N,1.92,0.0,0.0,0.0,0.0,0.0,0.0,N,0,0.0,0,0.0,0,0.0,0,0.0,0,0.0,0,0.0,0,0.0
39117,5,562,75,0,2022,A,,7,50,1980176,514164,8759,762,39604,,4.37,3.06,2.84,2.94,1.95,0.93,0.93,,0,0.0,-9,-15.3,-308404,-13.5,-133251,-20.6,-3820,-30.4,14,1.9,705,1.8
39117,5,5621,76,0,2022,A,,3,6,195919,60737,1333,603,31347,,4.84,0.86,0.72,0.86,0.87,0.8,0.8,N,-1,-25.0,0,0.0,0,0.0,0,0.0,0,0.0,0,0.0,0,0.0
39117,5,56211,77,0,2022,A,,3,6,195919,60737,1333,603,31347,,4.84,0.86,0.72,0.86,0.87,0.8,0.8,N,-1,-25.0,0,0.0,0,0.0,0,0.0,0,0.0,0,0.0,0,0.0
39117,5,562111,78,0,2022,A,,3,6,195919,60737,1333,603,31347,,6.23,0.99,0.83,0.99,1.04,0.8,0.8,N,-1,-25.0,0,0.0,0,0.0,0,0.0,0,0.0,0,0.0,0,0.0
39117,5,5622,76,0,2022,A,N,1,0,0,0,0,0,0,N,4.88,0.0,0.0,0.0,0.0,0.0,0.0,N,0,0.0,0,0.0,0,0.0,0,0.0,0,0.0,0,0.0,0,0.0
39117,5,56221,77,0,2022,A,N,1,0,0,0,0,0,0,N,4.88,0.0,0.0,0.0,0.0,0.0,0.0,N,0,0.0,0,0.0,0,0.0,0,0.0,0,0.0,0,0.0,0,0.0
39117,5,562213,78,0,2022,A,N,1,0,0,0,0,0,0,N,119.0,0.0,0.0,0.0,0.0,0.0,0.0,N,0,0.0,0,0.0,0,0.0,0,0.0,0,0.0,0,0.0,0,0.0
39117,5,5629,76,0,2022,A,N,3,0,0,0,0,0,0,N,3.86,0.0,0.0,0.0,0.0,0.0,0.0,N,1,50.0,0,0.0,0,0.0,0,0.0,0,0.0,0,0.0,0,0.0
39117,5,56291,77,0,2022,A,N,1,0,0,0,0,0,0,N,2.58,0.0,0.0,0.0,0.0,0.0,0.0,N,1,100.0,0,0.0,0,0.0,0,0.0,0,0.0,0,0.0,0,0.0
39117,5,562910,78,0,2022,A,N,1,0,0,0,0,0,0,N,2.58,0.0,0.0,0.0,0.0,0.0,0.0,N,1,100.0,0,0.0,0,0.0,0,0.0,0,0.0,0,0.0,0,0.0
39117,5,56292,77,0,2022,A,N,1,0,0,0,0,0,0,N,13.49,0.0,0.0,0.0,0.0,0.0,0.0,N,0,0.0,0,0.0,0,0.0,0,0.0,0,0.0,0,0.0,0,0.0
39117,5,562920,78,0,2022,A,N,1,0,0,0,0,0,0,N,13.49,0.0,0.0,0.0,0.0,0.0,0.0,N,0,0.0,0,0.0,0,0.0,0,0.0,0,0.0,0,0.0,0,0.0
39117,5,56299,77,0,2022,A,N,1,0,0,0,0,0,0,N,3.17,0.0,0.0,0.0,0.0,0.0,0.0,N,0,0.0,0,0.0,0,0.0,0,0.0,0,0.0,0,0.0,0,0.0
39117,5,562991,78,0,2022,A,N,1,0,0,0,0,0,0,N,4.89,0.0,0.0,0.0,0.0,0.0,0.0,N,0,0.0,0,0.0,0,0.0,0,0.0,0,0.0,0,0.0,0,0.0
39117,5,61,74,0,2022,A,,4,3,133274,35953,530,1025,53310,,0.55,0.03,0.04,0.09,0.06,1.48,1.48,,0,0.0,0,0.0,-68654,-34.0,3014,9.2,-549,-50.9,-269,-20.8,-13999,-20.8
39117,5,611,75,0,2022,A,,4,3,133274,35953,530,1025,53310,,0.55,0.03,0.04,0.09,0.06,1.48,1.48,,0,0.0,0,0.0,-68654,-34.0,3014,9.2,-549,-50.9,-269,-20.8,-13999,-20.8
39117,5,6113,76,0,2022,A,N,1,0,0,0,0,0,0,N,1.66,0.0,0.0,0.0,0.0,0.0,0.0,N,0,0.0,0,0.0,0,0.0,0,0.0,0,0.0,0,0.0,0,0.0
39117,5,61131,77,0,2022,A,N,1,0,0,0,0,0,0,N,1.66,0.0,0.0,0.0,0.0,0.0,0.0,N,0,0.0,0,0.0,0,0.0,0,0.0,0,0.0,0,0.0,0,0.0
39117,5,611310,78,0,2022,A,N,1,0,0,0,0,0,0,N,1.66,0.0,0.0,0.0,0.0,0.0,0.0,N,0,0.0,0,0.0,0,0.0,0,0.0,0,0.0,0,0.0,0,0.0
39117,5,6114,76,0,2022,A,N,1,0,0,0,0,0,0,N,1.23,0.0,0.0,0.0,0.0,0.0,0.0,N,0,0.0,0,0.0,0,0.0,0,0.0,0,0.0,0,0.0,0,0.0
39117,5,61141,77,0,2022,A,N,1,0,0,0,0,0,0,N,56.61,0.0,0.0,0.0,0.0,0.0,0.0,N,0,0.0,0,0.0,0,0.0,0,0.0,0,0.0,0,0.0,0,0.0
39117,5,611410,78,0,2022,A,N,1,0,0,0,0,0,0,N,56.61,0.0,0.0,0.0,0.0,0.0,0.0,N,0,0.0,0,0.0,0,0.0,0,0.0,0,0.0,0,0.0,0,0.0
39117,5,6116,76,0,2022,A,N,1,0,0,0,0,0,0,N,0.34,0.0,0.0,0.0,0.0,0.0,0.0,N,0,0.0,0,0.0,0,0.0,0,0.0,0,0.0,0,0.0,0,0.0
39117,5,61169,77,0,2022,A,N,1,0,0,0,0,0,0,N,0.83,0.0,0.0,0.0,0.0,0.0,0.0,N,0,0.0,0,0.0,0,0.0,0,0.0,0,0.0,0,0.0,0,0.0
39117,5,611699,78,0,2022,A,N,1,0,0,0,0,0,0,N,1.8,0.0,0.0,0.0,0.0,0.0,0.0,N,0,0.0,0,0.0,0,0.0,0,0.0,0,0.0,0,0.0,0,0.0
39117,5,6117,76,0,2022,A,N,1,0,0,0,0,0,0,N,0.76,0.0,0.0,0.0,0.0,0.0,0.0,N,0,0.0,0,0.0,0,0.0,0,0.0,0,0.0,0,0.0,0,0.0
39117,5,61171,77,0,2022,A,N,1,0,0,0,0,0,0,N,0.76,0.0,0.0,0.0,0.0,0.0,0.0,N,0,0.0,0,0.0,0,0.0,0,0.0,0,0.0,0,0.0,0,0.0
39117,5,611710,78,0,2022,A,N,1,0,0,0,0,0,0,N,0.76,0.0,0.0,0.0,0.0,0.0,0.0,N,0,0.0,0,0.0,0,0.0,0,0.0,0,0.0,0,0.0,0,0.0
39117,5,62,74,0,2022,A,,50,596,25210769,6079391,68098,813,42282,,0.57,0.85,0.98,1.5,0.87,1.15,1.15,,1,2.0,-13,-2.1,1764778,7.5,-174593,-2.8,-9693,-12.5,72,9.7,3756,9.7
39117,5,621,75,0,2022,A,,36,213,12030136,1845364,24436,1085,56413,,1.11,0.76,0.99,0.86,0.61,1.29,1.29,,2,5.9,-4,-1.8,1035090,9.4,-50652,-2.7,-1420,-5.5,111,11.4,5783,11.4
39117,5,6211,76,0,2022,A,,13,57,5453051,326080,5089,1826,94973,,1.2,0.59,0.91,0.47,0.42,1.52,1.52,N,2,18.2,0,0.0,0,0.0,0,0.0,0,0.0,0,0.0,0,0.0
39117,5,62111,77,0,2022,A,,13,57,5453051,326080,5089,1826,94973,,1.2,0.59,0.91,0.47,0.42,1.52,1.52,N,2,18.2,0,0.0,0,0.0,0,0.0,0,0.0,0,0.0,0,0.0
39117,5,621111,78,0,2022,A,,13,57,5453051,326080,5089,1826,94973,,1.27,0.61,0.92,0.48,0.43,1.51,1.51,N,2,18.2,0,0.0,0,0.0,0,0.0,0,0.0,0,0.0,0,0.0
39117,5,6212,76,0,2022,A,N,2,0,0,0,0,0,0,N,0.31,0.0,0.0,0.0,0.0,0.0,0.0,N,0,0.0,0,0.0,0,0.0,0,0.0,0,0.0,0,0.0,0,0.0
39117,5,62121,77,0,2022,A,N,2,0,0,0,0,0,0,N,0.31,0.0,0.0,0.0,0.0,0.0,0.0,N,0,0.0,0,0.0,0,0.0,0,0.0,0,0.0,0,0.0,0,0.0
39117,5,621210,78,0,2022,A,N,2,0,0,0,0,0,0,N,0.31,0.0,0.0,0.0,0.0,0.0,0.0,N,0,0.0,0,0.0,0,0.0,0,0.0,0,0.0,0,0.0,0,0.0
39117,5,6213,76,0,2022,A,,12,52,1983532,489635,8556,739,38453,,1.41,1.39,1.8,1.49,1.38,1.3,1.3,,-1,-7.7,-1,-1.9,-38057,-1.9,-40390,-7.6,351,4.3,5,0.7,310,0.8
39117,5,62131,77,0,2022,A,,3,13,434991,145892,2608,627,32624,,1.6,2.61,3.62,3.34,3.73,1.35,1.35,,0,0.0,2,18.2,154701,55.2,11529,8.6,771,42.0,133,26.9,6949,27.1
39117,5,621310,78,0,2022,A,,3,13,434991,145892,2608,627,32624,,1.6,2.61,3.62,3.34,3.73,1.35,1.35,,0,0.0,2,18.2,154701,55.2,11529,8.6,771,42.0,133,26.9,6949,27.1
39117,5,62132,77,0,2022,A,N,2,0,0,0,0,0,0,N,1.97,0.0,0.0,0.0,0.0,0.0,0.0,N,0,0.0,0,0.0,0,0.0,0,0.0,0,0.0,0,0.0,0,0.0
39117,5,621320,78,0,2022,A,N,2,0,0,0,0,0,0,N,1.97,0.0,0.0,0.0,0.0,0.0,0.0,N,0,0.0,0,0.0,0,0.0,0,0.0,0,0.0,0,0.0,0,0.0
39117,5,62133,77,0,2022,A,N,2,0,0,0,0,0,0,N,1.28,0.0,0.0,0.0,0.0,0.0,0.0,N,1,100.0,0,0.0,0,0.0,0,0.0,0,0.0,0,0.0,0,0.0
39117,5,621330,78,0,2022,A,N,2,0,0,0,0,0,0,N,1.28,0.0,0.0,0.0,0.0,0.0,0.0,N,1,100.0,0,0.0,0,0.0,0,0.0,0,0.0,0,0.0,0,0.0
39117,5,62134,77,0,2022,A,,4,21,794302,207708,3664,745,38746,,1.8,1.38,1.76,1.59,1.5,1.31,1.31,,-1,-20.0,-6,-22.2,-232452,-22.6,-73434,-26.1,-724,-16.5,18,2.5,951,2.5
39117,5,621340,78,0,2022,A,,4,21,794302,207708,3664,745,38746,,1.8,1.38,1.76,1.59,1.5,1.31,1.31,,-1,-20.0,-6,-22.2,-232452,-22.6,-73434,-26.1,-724,-16.5,18,2.5,951,2.5
39117,5,62139,77,0,2022,A,N,1,0,0,0,0,0,0,N,0.55,0.0,0.0,0.0,0.0,0.0,0.0,N,0,0.0,0,0.0,0,0.0,0,0.0,0,0.0,0,0.0,0,0.0
39117,5,621399,78,0,2022,A,N,1,0,0,0,0,0,0,N,0.67,0.0,0.0,0.0,0.0,0.0,0.0,N,0,0.0,0,0.0,0,0.0,0,0.0,0,0.0,0,0.0,0,0.0
39117,5,6214,76,0,2022,A,N,2,0,0,0,0,0,0,N,0.89,0.0,0.0,0.0,0.0,0.0,0.0,N,0,0.0,0,0.0,0,0.0,0,0.0,0,0.0,0,0.0,0,0.0
39117,5,62142,77,0,2022,A,N,1,0,0,0,0,0,0,N,1.44,0.0,0.0,0.0,0.0,0.0,0.0,N,0,0.0,0,0.0,0,0.0,0,0.0,0,0.0,0,0.0,0,0.0
39117,5,621420,78,0,2022,A,N,1,0,0,0,0,0,0,N,1.44,0.0,0.0,0.0,0.0,0.0,0.0,N,0,0.0,0,0.0,0,0.0,0,0.0,0,0.0,0,0.0,0,0.0
39117,5,62149,77,0,2022,A,N,1,0,0,0,0,0,0,N,0.71,0.0,0.0,0.0,0.0,0.0,0.0,N,0,0.0,0,0.0,0,0.0,0,0.0,0,0.0,0,0.0,0,0.0
39117,5,621498,78,0,2022,A,N,1,0,0,0,0,0,0,N,2.07,0.0,0.0,0.0,0.0,0.0,0.0,N,0,0.0,0,0.0,0,0.0,0,0.0,0,0.0,0,0.0,0,0.0
39117,5,6215,76,0,2022,A,N,1,0,0,0,0,0,0,N,0.74,0.0,0.0,0.0,0.0,0.0,0.0,N,1,100.0,0,0.0,0,0.0,0,0.0,0,0.0,0,0.0,0,0.0
39117,5,62151,77,0,2022,A,N,1,0,0,0,0,0,0,N,0.74,0.0,0.0,0.0,0.0,0.0,0.0,N,1,100.0,0,0.0,0,0.0,0,0.0,0,0.0,0,0.0,0,0.0
39117,5,621511,78,0,2022,A,N,1,0,0,0,0,0,0,N,0.98,0.0,0.0,0.0,0.0,0.0,0.0,N,1,100.0,0,0.0,0,0.0,0,0.0,0,0.0,0,0.0,0,0.0
39117,5,6216,76,0,2022,A,N,4,0,0,0,0,0,0,N,1.78,0.0,0.0,0.0,0.0,0.0,0.0,N,-1,-20.0,0,0.0,0,0.0,0,0.0,0,0.0,0,0.0,0,0.0
39117,5,62161,77,0,2022,A,N,4,0,0,0,0,0,0,N,1.78,0.0,0.0,0.0,0.0,0.0,0.0,N,-1,-20.0,0,0.0,0,0.0,0,0.0,0,0.0,0,0.0,0,0.0
39117,5,621610,78,0,2022,A,N,4,0,0,0,0,0,0,N,1.78,0.0,0.0,0.0,0.0,0.0,0.0,N,-1,-20.0,0,0.0,0,0.0,0,0.0,0,0.0,0,0.0,0,0.0
39117,5,6219,76,0,2022,A,N,2,0,0,0,0,0,0,N,2.28,0.0,0.0,0.0,0.0,0.0,0.0,N,0,0.0,0,0.0,0,0.0,0,0.0,0,0.0,0,0.0,0,0.0
39117,5,62191,77,0,2022,A,N,2,0,0,0,0,0,0,N,7.33,0.0,0.0,0.0,0.0,0.0,0.0,N,0,0.0,0,0.0,0,0.0,0,0.0,0,0.0,0,0.0,0,0.0
39117,5,621910,78,0,2022,A,N,2,0,0,0,0,0,0,N,7.33,0.0,0.0,0.0,0.0,0.0,0.0,N,0,0.0,0,0.0,0,0.0,0,0.0,0,0.0,0,0.0,0,0.0
39117,5,623,75,0,2022,A,,6,222,7835424,2395461,21523,680,35334,,1.44,2.16,2.97,3.35,1.63,1.38,1.38,,0,0.0,-4,-1.8,385980,5.2,-103939,-4.2,-2541,-10.6,46,7.3,2372,7.2
39117,5,6231,76,0,2022,A,N,3,0,0,0,0,0,0,N,3.25,0.0,0.0,0.0,0.0,0.0,0.0,N,0,0.0,0,0.0,0,0.0,0,0.0,0,0.0,0,0.0,0,0.0
39117,5,62311,77,0,2022,A,N,3,0,0,0,0,0,0,N,3.25,0.0,0.0,0.0,0.0,0.0,0.0,N,0,0.0,0,0.0,0,0.0,0,0.0,0,0.0,0,0.0,0,0.0
39117,5,623110,78,0,2022,A,N,3,0,0,0,0,0,0,N,3.25,0.0,0.0,0.0,0.0,0.0,0.0,N,0,0.0,0,0.0,0,0.0,0,0.0,0,0.0,0,0.0,0,0.0
39117,5,6232,76,0,2022,A,N,3,0,0,0,0,0,0,N,1.92,0.0,0.0,0.0,0.0,0.0,0.0,N,0,0.0,0,0.0,0,0.0,0,0.0,0,0.0,0,0.0,0,0.0
39117,5,62321,77,0,2022,A,N,3,0,0,0,0,0,0,N,2.7,0.0,0.0,0.0,0.0,0.0,0.0,N,0,0.0,0,0.0,0,0.0,0,0.0,0,0.0,0,0.0,0,0.0
39117,5,623210,78,0,2022,A,N,3,0,0,0,0,0,0,N,2.7,0.0,0.0,0.0,0.0,0.0,0.0,N,0,0.0,0,0.0,0,0.0,0,0.0,0,0.0,0,0.0,0,0.0
39117,5,624,75,0,2022,A,,8,161,5345209,1838566,22139,637,33149,,0.16,1.12,1.98,2.03,1.05,1.76,1.76,,-1,-11.1,-4,-2.4,343708,6.9,-20002,-1.1,-5732,-20.6,56,9.6,2913,9.6
39117,5,6241,76,0,2022,A,,6,159,5272296,1829566,21896,637,33107,,0.13,1.65,3.05,3.11,1.51,1.85,1.84,,-1,-14.3,-5,-3.0,316485,6.4,-25804,-1.4,-5889,-21.2,56,9.6,2919,9.7
39117,5,62411,77,0,2022,A,N,1,0,0,0,0,0,0,N,1.61,0.0,0.0,0.0,0.0,0.0,0.0,N,0,0.0,0,0.0,0,0.0,0,0.0,0,0.0,0,0.0,0,0.0
39117,5,624110,78,0,2022,A,N,1,0,0,0,0,0,0,N,1.61,0.0,0.0,0.0,0.0,0.0,0.0,N,0,0.0,0,0.0,0,0.0,0,0.0,0,0.0,0,0.0,0,0.0
39117,5,62412,77,0,2022,A,N,2,0,0,0,0,0,0,N,0.05,0.0,0.0,0.0,0.0,0.0,0.0,N,-1,-33.3,0,0.0,0,0.0,0,0.0,0,0.0,0,0.0,0,0.0
39117,5,624120,78,0,2022,A,N,2,0,0,0,0,0,0,N,0.05,0.0,0.0,0.0,0.0,0.0,0.0,N,-1,-33.3,0,0.0,0,0.0,0,0.0,0,0.0,0,0.0,0,0.0
39117,5,62419,77,0,2022,A,N,3,0,0,0,0,0,0,N,1.58,0.0,0.0,0.0,0.0,0.0,0.0,N,0,0.0,0,0.0,0,0.0,0,0.0,0,0.0,0,0.0,0,0.0
39117,5,624190,78,0,2022,A,N,3,0,0,0,0,0,0,N,1.58,0.0,0.0,0.0,0.0,0.0,0.0,N,0,0.0,0,0.0,0,0.0,0,0.0,0,0.0,0,0.0,0,0.0
39117,5,6242,76,0,2022,A,N,1,0,0,0,0,0,0,N,1.53,0.0,0.0,0.0,0.0,0.0,0.0,N,0,0.0,0,0.0,0,0.0,0,0.0,0,0.0,0,0.0,0,0.0
39117,5,62423,77,0,2022,A,N,1,0,0,0,0,0,0,N,8.49,0.0,0.0,0.0,0.0,0.0,0.0,N,0,0.0,0,0.0,0,0.0,0,0.0,0,0.0,0,0.0,0,0.0
39117,5,624230,78,0,2022,A,N,1,0,0,0,0,0,0,N,8.49,0.0,0.0,0.0,0.0,0.0,0.0,N,0,0.0,0,0.0,0,0.0,0,0.0,0,0.0,0,0.0,0,0.0
39117,5,6244,76,0,2022,A,N,1,0,0,0,0,0,0,N,0.28,0.0,0.0,0.0,0.0,0.0,0.0,N,0,0.0,0,0.0,0,0.0,0,0.0,0,0.0,0,0.0,0,0.0
39117,5,62441,77,0,2022,A,N,1,0,0,0,0,0,0,N,0.28,0.0,0.0,0.0,0.0,0.0,0.0,N,0,0.0,0,0.0,0,0.0,0,0.0,0,0.0,0,0.0,0,0.0
39117,5,624410,78,0,2022,A,N,1,0,0,0,0,0,0,N,0.28,0.0,0.0,0.0,0.0,0.0,0.0,N,0,0.0,0,0.0,0,0.0,0,0.0,0,0.0,0,0.0,0,0.0
39117,5,71,74,0,2022,A,,8,111,2317458,1168315,18347,403,20972,,0.97,1.4,1.0,2.12,1.26,0.72,0.72,,0,0.0,7,6.7,516520,28.7,181297,18.4,-7298,-28.5,71,21.4,3711,21.5
39117,5,711,75,0,2022,A,N,2,0,0,0,0,0,0,N,0.58,0.0,0.0,0.0,0.0,0.0,0.0,N,0,0.0,0,0.0,0,0.0,0,0.0,0,0.0,0,0.0,0,0.0
39117,5,7112,76,0,2022,A,N,1,0,0,0,0,0,0,N,2.67,0.0,0.0,0.0,0.0,0.0,0.0,N,0,0.0,0,0.0,0,0.0,0,0.0,0,0.0,0,0.0,0,0.0
39117,5,71121,77,0,2022,A,N,1,0,0,0,0,0,0,N,2.67,0.0,0.0,0.0,0.0,0.0,0.0,N,0,0.0,0,0.0,0,0.0,0,0.0,0,0.0,0,0.0,0,0.0
39117,5,711212,78,0,2022,A,N,1,0,0,0,0,0,0,N,26.82,0.0,0.0,0.0,0.0,0.0,0.0,N,0,0.0,0,0.0,0,0.0,0,0.0,0,0.0,0,0.0,0,0.0
39117,5,7115,76,0,2022,A,N,1,0,0,0,0,0,0,N,0.57,0.0,0.0,0.0,0.0,0.0,0.0,N,0,0.0,0,0.0,0,0.0,0,0.0,0,0.0,0,0.0,0,0.0
39117,5,71151,77,0,2022,A,N,1,0,0,0,0,0,0,N,0.57,0.0,0.0,0.0,0.0,0.0,0.0,N,0,0.0,0,0.0,0,0.0,0,0.0,0,0.0,0,0.0,0,0.0
39117,5,711510,78,0,2022,A,N,1,0,0,0,0,0,0,N,0.57,0.0,0.0,0.0,0.0,0.0,0.0,N,0,0.0,0,0.0,0,0.0,0,0.0,0,0.0,0,0.0,0,0.0
39117,5,713,75,0,2022,A,N,6,0,0,0,0,0,0,N,1.35,0.0,0.0,0.0,0.0,0.0,0.0,N,0,0.0,0,0.0,0,0.0,0,0.0,0,0.0,0,0.0,0,0.0
39117,5,7131,76,0,2022,A,N,1,0,0,0,0,0,0,N,5.39,0.0,0.0,0.0,0.0,0.0,0.0,N,0,0.0,0,0.0,0,0.0,0,0.0,0,0.0,0,0.0,0,0.0
39117,5,71312,77,0,2022,A,N,1,0,0,0,0,0,0,N,7.82,0.0,0.0,0.0,0.0,0.0,0.0,N,0,0.0,0,0.0,0,0.0,0,0.0,0,0.0,0,0.0,0,0.0
39117,5,713120,78,0,2022,A,N,1,0,0,0,0,0,0,N,7.82,0.0,0.0,0.0,0.0,0.0,0.0,N,0,0.0,0,0.0,0,0.0,0,0.0,0,0.0,0,0.0,0,0.0
39117,5,7139,76,0,2022,A,,5,24,296428,193311,3022,242,12569,,1.23,0.53,0.41,0.63,0.37,0.79,0.78,,0,0.0,-3,-11.1,11891,4.2,7002,3.8,-50,-1.6,38,18.6,1965,18.5
39117,5,71391,77,0,2022,A,N,1,0,0,0,0,0,0,N,1.92,0.0,0.0,0.0,0.0,0.0,0.0,N,0,0.0,0,0.0,0,0.0,0,0.0,0,0.0,0,0.0,0,0.0
39117,5,713910,78,0,2022,A,N,1,0,0,0,0,0,0,N,1.92,0.0,0.0,0.0,0.0,0.0,0.0,N,0,0.0,0,0.0,0,0.0,0,0.0,0,0.0,0,0.0,0,0.0
39117,5,71394,77,0,2022,A,N,1,0,0,0,0,0,0,N,0.49,0.0,0.0,0.0,0.0,0.0,0.0,N,0,0.0,0,0.0,0,0.0,0,0.0,0,0.0,0,0.0,0,0.0
39117,5,713940,78,0,2022,A,N,1,0,0,0,0,0,0,N,0.49,0.0,0.0,0.0,0.0,0.0,0.0,N,0,0.0,0,0.0,0,0.0,0,0.0,0,0.0,0,0.0,0,0.0
39117,5,71399,77,0,2022,A,,3,18,274175,171058,2824,290,15092,,2.69,2.39,2.27,3.11,2.25,0.94,0.94,N,0,0.0,0,0.0,0,0.0,0,0.0,0,0.0,0,0.0,0,0.0
39117,5,713990,78,0,2022,A,,3,18,274175,171058,2824,290,15092,,2.69,2.39,2.27,3.11,2.25,0.94,0.94,N,0,0.0,0,0.0,0,0.0,0,0.0,0,0.0,0,0.0,0,0.0
39117,5,72,74,0,2022,A,,37,410,6142185,3640247,63003,288,14987,,1.02,0.89,0.81,1.0,0.87,0.91,0.91,,1,2.8,-43,-9.5,-788125,-11.4,-343070,-8.6,-15396,-19.6,-6,-2.0,-320,-2.1
39117,5,721,75,0,2022,A,,5,18,411189,203062,4060,448,23275,,1.37,0.3,0.28,0.34,0.31,0.97,0.97,N,0,0.0,0,0.0,0,0.0,0,0.0,0,0.0,0,0.0,0,0.0
39117,5,7211,76,0,2022,A,N,3,0,0,0,0,0,0,N,0.95,0.0,0.0,0.0,0.0,0.0,0.0,N,1,50.0,0,0.0,0,0.0,0,0.0,0,0.0,0,0.0,0,0.0
39117,5,72111,77,0,2022,A,N,3,0,0,0,0,0,0,N,1.04,0.0,0.0,0.0,0.0,0.0,0.0,N,1,50.0,0,0.0,0,0.0,0,0.0,0,0.0,0,0.0,0,0.0
39117,5,721110,78,0,2022,A,N,3,0,0,0,0,0,0,N,1.04,0.0,0.0,0.0,0.0,0.0,0.0,N,1,50.0,0,0.0,0,0.0,0,0.0,0,0.0,0,0.0,0,0.0
39117,5,7212,76,0,2022,A,N,1,0,0,0,0,0,0,N,2.47,0.0,0.0,0.0,0.0,0.0,0.0,N,-2,-66.7,0,0.0,0,0.0,0,0.0,0,0.0,0,0.0,0,0.0
39117,5,72121,77,0,2022,A,N,1,0,0,0,0,0,0,N,2.47,0.0,0.0,0.0,0.0,0.0,0.0,N,-2,-66.7,0,0.0,0,0.0,0,0.0,0,0.0,0,0.0,0,0.0
39117,5,721211,78,0,2022,A,N,1,0,0,0,0,0,0,N,3.93,0.0,0.0,0.0,0.0,0.0,0.0,N,-2,-66.7,0,0.0,0,0.0,0,0.0,0,0.0,0,0.0,0,0.0
39117,5,7213,76,0,2022,A,N,1,0,0,0,0,0,0,N,11.33,0.0,0.0,0.0,0.0,0.0,0.0,N,1,100.0,0,0.0,0,0.0,0,0.0,0,0.0,0,0.0,0,0.0
39117,5,72131,77,0,2022,A,N,1,0,0,0,0,0,0,N,11.33,0.0,0.0,0.0,0.0,0.0,0.0,N,1,100.0,0,0.0,0,0.0,0,0.0,0,0.0,0,0.0,0,0.0
39117,5,721310,78,0,2022,A,N,1,0,0,0,0,0,0,N,11.33,0.0,0.0,0.0,0.0,0.0,0.0,N,1,100.0,0,0.0,0,0.0,0,0.0,0,0.0,0,0.0,0,0.0
39117,5,722,75,0,2022,A,,32,392,5730996,3437185,58943,281,14614,,0.98,0.98,0.93,1.14,0.99,0.95,0.95,N,1,3.2,0,0.0,0,0.0,0,0.0,0,0.0,0,0.0,0,0.0
39117,5,7223,76,0,2022,A,N,4,0,0,0,0,0,0,N,1.79,0.0,0.0,0.0,0.0,0.0,0.0,N,1,33.3,0,0.0,0,0.0,0,0.0,0,0.0,0,0.0,0,0.0
39117,5,72231,77,0,2022,A,N,4,0,0,0,0,0,0,N,3.49,0.0,0.0,0.0,0.0,0.0,0.0,N,1,33.3,0,0.0,0,0.0,0,0.0,0,0.0,0,0.0,0,0.0
39117,5,722310,78,0,2022,A,N,4,0,0,0,0,0,0,N,3.49,0.0,0.0,0.0,0.0,0.0,0.0,N,1,33.3,0,0.0,0,0.0,0,0.0,0,0.0,0,0.0,0,0.0
39117,5,7225,76,0,2022,A,N,28,0,0,0,0,0,0,N,0.98,0.0,0.0,0.0,0.0,0.0,0.0,N,0,0.0,0,0.0,0,0.0,0,0.0,0,0.0,0,0.0,0,0.0
39117,5,72251,77,0,2022,A,N,28,0,0,0,0,0,0,N,0.98,0.0,0.0,0.0,0.0,0.0,0.0,N,0,0.0,0,0.0,0,0.0,0,0.0,0,0.0,0,0.0,0,0.0
39117,5,722511,78,0,2022,A,N,8,0,0,0,0,0,0,N,0.65,0.0,0.0,0.0,0.0,0.0,0.0,N,-2,-20.0,0,0.0,0,0.0,0,0.0,0,0.0,0,0.0,0,0.0
39117,5,722513,78,0,2022,A,,18,279,3669540,2345507,32930,253,13149,,1.46,1.82,1.84,2.19,1.88,1.01,1.01,,2,12.5,17,6.5,315798,9.4,193691,9.0,2533,8.3,7,2.8,361,2.8
39117,5,722515,78,0,2022,A,N,3,0,0,0,0,0,0,N,0.83,0.0,0.0,0.0,0.0,0.0,0.0,N,0,0.0,0,0.0,0,0.0,0,0.0,0,0.0,0,0.0,0,0.0
39117,5,81,74,0,2022,A,,32,92,3099347,990965,21169,649,33750,,0.77,0.61,0.7,0.83,0.83,1.16,1.16,,2,6.7,7,8.2,410031,15.2,98724,11.1,-1293,-5.8,38,6.2,1986,6.3
39117,5,811,75,0,2022,A,,15,30,1027831,354425,9163,659,34261,,1.3,0.63,0.65,0.78,0.98,1.03,1.03,,2,15.4,1,3.4,48595,5.0,33692,10.5,-787,-7.9,15,2.3,783,2.3
39117,5,8111,76,0,2022,A,,11,26,912345,314521,6926,681,35431,,1.35,0.78,0.92,1.01,1.18,1.19,1.19,,1,10.0,0,0.0,32896,3.7,33396,11.9,-367,-5.0,22,3.3,1167,3.4
39117,5,81111,77,0,2022,A,,8,8,353978,159716,4284,834,43344,,1.75,0.55,0.77,1.15,1.69,1.38,1.37,,1,14.3,-3,-27.3,-82594,-18.9,10845,7.3,178,4.3,93,12.6,4823,12.5
39117,5,811111,78,0,2022,A,,8,8,353978,159716,4284,834,43344,,1.97,0.62,0.87,1.28,1.88,1.37,1.37,,1,14.3,-3,-27.3,-82594,-18.9,10845,7.3,178,4.3,93,12.6,4823,12.5
39117,5,81112,77,0,2022,A,N,2,0,0,0,0,0,0,N,1.0,0.0,0.0,0.0,0.0,0.0,0.0,N,0,0.0,0,0.0,0,0.0,0,0.0,0,0.0,0,0.0,0,0.0
39117,5,811121,78,0,2022,A,N,2,0,0,0,0,0,0,N,1.19,0.0,0.0,0.0,0.0,0.0,0.0,N,0,0.0,0,0.0,0,0.0,0,0.0,0,0.0,0,0.0,0,0.0
39117,5,81119,77,0,2022,A,N,1,0,0,0,0,0,0,N,0.63,0.0,0.0,0.0,0.0,0.0,0.0,N,0,0.0,0,0.0,0,0.0,0,0.0,0,0.0,0,0.0,0,0.0
39117,5,811198,78,0,2022,A,N,1,0,0,0,0,0,0,N,3.04,0.0,0.0,0.0,0.0,0.0,0.0,N,0,0.0,0,0.0,0,0.0,0,0.0,0,0.0,0,0.0,0,0.0
39117,5,8113,76,0,2022,A,N,3,0,0,0,0,0,0,N,2.07,0.0,0.0,0.0,0.0,0.0,0.0,N,1,50.0,0,0.0,0,0.0,0,0.0,0,0.0,0,0.0,0,0.0
39117,5,81131,77,0,2022,A,N,3,0,0,0,0,0,0,N,2.07,0.0,0.0,0.0,0.0,0.0,0.0,N,1,50.0,0,0.0,0,0.0,0,0.0,0,0.0,0,0.0,0,0.0
39117,5,811310,78,0,2022,A,N,3,0,0,0,0,0,0,N,2.07,0.0,0.0,0.0,0.0,0.0,0.0,N,1,50.0,0,0.0,0,0.0,0,0.0,0,0.0,0,0.0,0,0.0
39117,5,8114,76,0,2022,A,N,1,0,0,0,0,0,0,N,0.86,0.0,0.0,0.0,0.0,0.0,0.0,N,0,0.0,0,0.0,0,0.0,0,0.0,0,0.0,0,0.0,0,0.0
39117,5,81149,77,0,2022,A,N,1,0,0,0,0,0,0,N,1.75,0.0,0.0,0.0,0.0,0.0,0.0,N,0,0.0,0,0.0,0,0.0,0,0.0,0,0.0,0,0.0,0,0.0
39117,5,811490,78,0,2022,A,N,1,0,0,0,0,0,0,N,1.75,0.0,0.0,0.0,0.0,0.0,0.0,N,0,0.0,0,0.0,0,0.0,0,0.0,0,0.0,0,0.0,0,0.0
39117,5,812,75,0,2022,A,N,9,0,0,0,0,0,0,N,0.75,0.0,0.0,0.0,0.0,0.0,0.0,N,0,0.0,0,0.0,0,0.0,0,0.0,0,0.0,0,0.0,0,0.0
39117,5,8121,76,0,2022,A,N,1,0,0,0,0,0,0,N,0.14,0.0,0.0,0.0,0.0,0.0,0.0,N,0,0.0,0,0.0,0,0.0,0,0.0,0,0.0,0,0.0,0,0.0
39117,5,81211,77,0,2022,A,N,1,0,0,0,0,0,0,N,0.18,0.0,0.0,0.0,0.0,0.0,0.0,N,0,0.0,0,0.0,0,0.0,0,0.0,0,0.0,0,0.0,0,0.0
39117,5,812112,78,0,2022,A,N,1,0,0,0,0,0,0,N,0.28,0.0,0.0,0.0,0.0,0.0,0.0,N,0,0.0,0,0.0,0,0.0,0,0.0,0,0.0,0,0.0,0,0.0
39117,5,8122,76,0,2022,A,N,2,0,0,0,0,0,0,N,2.29,0.0,0.0,0.0,0.0,0.0,0.0,N,0,0.0,0,0.0,0,0.0,0,0.0,0,0.0,0,0.0,0,0.0
39117,5,81221,77,0,2022,A,N,2,0,0,0,0,0,0,N,3.02,0.0,0.0,0.0,0.0,0.0,0.0,N,0,0.0,0,0.0,0,0.0,0,0.0,0,0.0,0,0.0,0,0.0
39117,5,812210,78,0,2022,A,N,2,0,0,0,0,0,0,N,3.02,0.0,0.0,0.0,0.0,0.0,0.0,N,0,0.0,0,0.0,0,0.0,0,0.0,0,0.0,0,0.0,0,0.0
39117,5,8123,76,0,2022,A,N,1,0,0,0,0,0,0,N,0.73,0.0,0.0,0.0,0.0,0.0,0.0,N,0,0.0,0,0.0,0,0.0,0,0.0,0,0.0,0,0.0,0,0.0
39117,5,81231,77,0,2022,A,N,1,0,0,0,0,0,0,N,2.14,0.0,0.0,0.0,0.0,0.0,0.0,N,0,0.0,0,0.0,0,0.0,0,0.0,0,0.0,0,0.0,0,0.0
39117,5,812310,78,0,2022,A,N,1,0,0,0,0,0,0,N,2.14,0.0,0.0,0.0,0.0,0.0,0.0,N,0,0.0,0,0.0,0,0.0,0,0.0,0,0.0,0,0.0,0,0.0
39117,5,8129,76,0,2022,A,,5,9,212557,92778,1803,458,23838,,1.78,0.69,0.76,0.9,0.79,1.1,1.1,,0,0.0,0,0.0,11683,5.8,6124,7.1,115,6.8,33,7.8,1723,7.8
39117,5,81291,77,0,2022,A,N,4,0,0,0,0,0,0,N,3.49,0.0,0.0,0.0,0.0,0.0,0.0,N,0,0.0,0,0.0,0,0.0,0,0.0,0,0.0,0,0.0,0,0.0
39117,5,812910,78,0,2022,A,N,4,0,0,0,0,0,0,N,3.49,0.0,0.0,0.0,0.0,0.0,0.0,N,0,0.0,0,0.0,0,0.0,0,0.0,0,0.0,0,0.0,0,0.0
39117,5,81299,77,0,2022,A,N,1,0,0,0,0,0,0,N,0.8,0.0,0.0,0.0,0.0,0.0,0.0,N,0,0.0,0,0.0,0,0.0,0,0.0,0,0.0,0,0.0,0,0.0
39117,5,812990,78,0,2022,A,N,1,0,0,0,0,0,0,N,0.8,0.0,0.0,0.0,0.0,0.0,0.0,N,0,0.0,0,0.0,0,0.0,0,0.0,0,0.0,0,0.0,0,0.0
39117,5,813,75,0,2022,A,,6,41,1273013,398315,7706,601,31240,,0.74,0.9,0.81,1.43,1.22,0.91,0.91,,0,0.0,9,28.1,365976,40.3,47660,13.6,-1160,-13.1,62,11.5,3187,11.4
39117,5,8131,76,0,2022,A,N,1,0,0,0,0,0,0,N,0.83,0.0,0.0,0.0,0.0,0.0,0.0,N,0,0.0,0,0.0,0,0.0,0,0.0,0,0.0,0,0.0,0,0.0
39117,5,81311,77,0,2022,A,N,1,0,0,0,0,0,0,N,0.83,0.0,0.0,0.0,0.0,0.0,0.0,N,0,0.0,0,0.0,0,0.0,0,0.0,0,0.0,0,0.0,0,0.0
39117,5,813110,78,0,2022,A,N,1,0,0,0,0,0,0,N,0.83,0.0,0.0,0.0,0.0,0.0,0.0,N,0,0.0,0,0.0,0,0.0,0,0.0,0,0.0,0,0.0,0,0.0
39117,5,8134,76,0,2022,A,N,3,0,0,0,0,0,0,N,2.36,0.0,0.0,0.0,0.0,0.0,0.0,N,0,0.0,0,0.0,0,0.0,0,0.0,0,0.0,0,0.0,0,0.0
39117,5,81341,77,0,2022,A,N,3,0,0,0,0,0,0,N,2.36,0.0,0.0,0.0,0.0,0.0,0.0,N,0,0.0,0,0.0,0,0.0,0,0.0,0,0.0,0,0.0,0,0.0
39117,5,813410,78,0,2022,A,N,3,0,0,0,0,0,0,N,2.36,0.0,0.0,0.0,0.0,0.0,0.0,N,0,0.0,0,0.0,0,0.0,0,0.0,0,0.0,0,0.0,0,0.0
39117,5,8139,76,0,2022,A,N,2,0,0,0,0,0,0,N,0.66,0.0,0.0,0.0,0.0,0.0,0.0,N,0,0.0,0,0.0,0,0.0,0,0.0,0,0.0,0,0.0,0,0.0
39117,5,81391,77,0,2022,A,N,1,0,0,0,0,0,0,N,1.0,0.0,0.0,0.0,0.0,0.0,0.0,N,0,0.0,0,0.0,0,0.0,0,0.0,0,0.0,0,0.0,0,0.0
39117,5,813910,78,0,2022,A,N,1,0,0,0,0,0,0,N,1.0,0.0,0.0,0.0,0.0,0.0,0.0,N,0,0.0,0,0.0,0,0.0,0,0.0,0,0.0,0,0.0,0,0.0
39117,5,81399,77,0,2022,A,N,1,0,0,0,0,0,0,N,1.36,0.0,0.0,0.0,0.0,0.0,0.0,N,0,0.0,0,0.0,0,0.0,0,0.0,0,0.0,0,0.0,0,0.0
39117,5,813990,78,0,2022,A,N,1,0,0,0,0,0,0,N,1.36,0.0,0.0,0.0,0.0,0.0,0.0,N,0,0.0,0,0.0,0,0.0,0,0.0,0,0.0,0,0.0,0,0.0
39117,5,814,75,0,2022,A,N,2,0,0,0,0,0,0,N,0.21,0.0,0.0,0.0,0.0,0.0,0.0,N,0,0.0,0,0.0,0,0.0,0,0.0,0,0.0,0,0.0,0,0.0
39117,5,8141,76,0,2022,A,N,2,0,0,0,0,0,0,N,0.21,0.0,0.0,0.0,0.0,0.0,0.0,N,0,0.0,0,0.0,0,0.0,0,0.0,0,0.0,0,0.0,0,0.0
39117,5,81411,77,0,2022,A,N,2,0,0,0,0,0,0,N,0.21,0.0,0.0,0.0,0.0,0.0,0.0,N,0,0.0,0,0.0,0,0.0,0,0.0,0,0.0,0,0.0,0,0.0
39117,5,814110,78,0,2022,A,N,2,0,0,0,0,0,0,N,0.21,0.0,0.0,0.0,0.0,0.0,0.0,N,0,0.0,0,0.0,0,0.0,0,0.0,0,0.0,0,0.0,0,0.0
39117,5,99,74,0,2022,A,,1,2,80207,31707,4059,841,43749,,0.06,0.2,0.18,0.25,0.91,0.97,0.97,,0,0.0,1,100.0,-11603,-12.6,-6693,-17.4,3022,291.4,-1513,-64.3,-78664,-64.3
39117,5,999,75,0,2022,A,,1,2,80207,31707,4059,841,43749,,0.06,0.2,0.18,0.25,0.91,0.97,0.97,,0,0.0,1,100.0,-11603,-12.6,-6693,-17.4,3022,291.4,-1513,-64.3,-78664,-64.3
39117,5,9999,76,0,2022,A,,1,2,80207,31707,4059,841,43749,,0.06,0.2,0.18,0.25,0.91,0.97,0.97,,0,0.0,1,100.0,-11603,-12.6,-6693,-17.4,3022,291.4,-1513,-64.3,-78664,-64.3
39117,5,99999,77,0,2022,A,,1,2,80207,31707,4059,841,43749,,0.06,0.2,0.18,0.25,0.91,0.97,0.97,,0,0.0,1,100.0,-11603,-12.6,-6693,-17.4,3022,291.4,-1513,-64.3,-78664,-64.3
39117,5,999999,78,0,2022,A,,1,2,80207,31707,4059,841,43749,,0.06,0.2,0.18,0.25,0.91,0.97,0.97,,0,0.0,1,100.0,-11603,-12.6,-6693,-17.4,3022,291.4,-1513,-64.3,-78664,-64.3
